Workbook

Sheet MPL ID
A1: KLASEMEN | J1: Author: pIp | BF1: AE | BG1: =SUMPRODUCT(($C$14:$C$22=$BF1)*($D$14:$D$22>$E$14:$E$22))+SUMPRODUCT(($F$14:$F$22=$BF1)*($E$14:$E$22>$D$14:$D$22))+SUMPRODUCT(($I$14:$I$22=$BF1)*($J$14:$J$22>$K$14:$K$22))+SUMPRODUCT(($L$14:$L$22=$BF1)*($K$14:$K$22>$J$14:$J$22))+SUMPRODUCT(($O$14:$O$22=$BF1)*($P$14:$P$22>$Q$14:$Q$22))+SUMPRODUCT(($R$14:$R$22=$BF1)*($Q$14:$Q$22>$P$14:$P$22))+SUMPRODUCT(($C$25:$C$33=$BF1)*($D$25:$D$33>$E$25:$E$33))+SUMPRODUCT(($F$25:$F$33=$BF1)*($E$25:$E$33>$D$25:$D$33))+SUMPRODUCT(($I$25:$I$33=$BF1)*($J$25:$J$33>$K$25:$K$33))+SUMPRODUCT(($L$25:$L$33=$BF1)*($K$25:$K$33>$J$25:$J$33))+SUMPRODUCT(($O$25:$O$33=$BF1)*($P$25:$P$33>$Q$25:$Q$33))+SUMPRODUCT(($R$25:$R$33=$BF1)*($Q$25:$Q$33>$P$25:$P$33))+SUMPRODUCT(($C$36:$C$44=$BF1)*($D$36:$D$44>$E$36:$E$44))+SUMPRODUCT(($F$36:$F$44=$BF1)*($E$36:$E$44>$D$36:$D$44))+SUMPRODUCT(($I$36:$I$44=$BF1)*($J$36:$J$44>$K$36:$K$44))+SUMPRODUCT(($L$36:$L$44=$BF1)*($K$36:$K$44>$J$36:$J$44))+SUMPRODUCT(($O$36:$O$44=$BF1)*($P$36:$P$44>$Q$36:$Q$44))+SUMPRODUCT(($R$36:$R$44=$BF1)*($Q$36:$Q$44>$P$36:$P$44)) -> 9 | BH1: =SUMPRODUCT(($C$14:$C$22=$BF1)*($D$14:$D$22-$E$14:$E$22))+SUMPRODUCT(($F$14:$F$22=$BF1)*($E$14:$E$22-$D$14:$D$22))+SUMPRODUCT(($I$14:$I$22=$BF1)*($J$14:$J$22-$K$14:$K$22))+SUMPRODUCT(($L$14:$L$22=$BF1)*($K$14:$K$22-$J$14:$J$22))+SUMPRODUCT(($O$14:$O$22=$BF1)*($P$14:$P$22-$Q$14:$Q$22))+SUMPRODUCT(($R$14:$R$22=$BF1)*($Q$14:$Q$22-$P$14:$P$22))+SUMPRODUCT(($C$25:$C$33=$BF1)*($D$25:$D$33-$E$25:$E$33))+SUMPRODUCT(($F$25:$F$33=$BF1)*($E$25:$E$33-$D$25:$D$33))+SUMPRODUCT(($I$25:$I$33=$BF1)*($J$25:$J$33-$K$25:$K$33))+SUMPRODUCT(($L$25:$L$33=$BF1)*($K$25:$K$33-$J$25:$J$33))+SUMPRODUCT(($O$25:$O$33=$BF1)*($P$25:$P$33-$Q$25:$Q$33))+SUMPRODUCT(($R$25:$R$33=$BF1)*($Q$25:$Q$33-$P$25:$P$33))+SUMPRODUCT(($C$36:$C$44=$BF1)*($D$36:$D$44-$E$36:$E$44))+SUMPRODUCT(($F$36:$F$44=$BF1)*($E$36:$E$44-$D$36:$D$44))+SUMPRODUCT(($I$36:$I$44=$BF1)*($J$36:$J$44-$K$36:$K$44))+SUMPRODUCT(($L$36:$L$44=$BF1)*($K$36:$K$44-$J$36:$J$44))+SUMPRODUCT(($O$36:$O$44=$BF1)*($P$36:$P$44-$Q$36:$Q$44))+SUMPRODUCT(($R$36:$R$44=$BF1)*($Q$36:$Q$44-$P$36:$P$44))+SUMPRODUCT(($C$47:$C$55=$BF1)*($D$47:$D$55-$E$47:$E$55))+SUMPRODUCT(($F$47:$F$55=$BF1)*($E$47:$E$55-$D$47:$D$55)) -> 9 | BI1: =IF(COUNTIFS($BG$1:$BG$9,BG1,$BH$1:$BH$9,BH1)<=1,0,SUMPRODUCT(INDEX($BG$13:$BO$21,MATCH(BF1,$BF$13:$BF$21,0),0)*TRANSPOSE(($BG$1:$BG$9=BG1)*($BH$1:$BH$9=BH1)))) -> 0 | BJ1: =1+SUMPRODUCT(--($BG$1:$BG$9>BG1))+SUMPRODUCT(--($BG$1:$BG$9=BG1),--($BH$1:$BH$9>BH1))+SUMPRODUCT(--($BG$1:$BG$9=BG1),--($BH$1:$BH$9=BH1),--($BI$1:$BI$9>BI1))+SUMPRODUCT(--($BG$1:$BG$9=BG1),--($BH$1:$BH$9=BH1),--($BI$1:$BI$9=BI1),--($BF$1:$BF$9<BF1)) -> 3 | BK1: =COUNTIFS($C$14:$C$22,$BF1,$D$14:$D$22,"")+COUNTIFS($F$14:$F$22,$BF1,$E$14:$E$22,"")+COUNTIFS($I$14:$I$22,$BF1,$J$14:$J$22,"")+COUNTIFS($L$14:$L$22,$BF1,$K$14:$K$22,"")+COUNTIFS($O$14:$O$22,$BF1,$P$14:$P$22,"")+COUNTIFS($R$14:$R$22,$BF1,$Q$14:$Q$22,"")+COUNTIFS($C$25:$C$33,$BF1,$D$25:$D$33,"")+COUNTIFS($F$25:$F$33,$BF1,$E$25:$E$33,"")+COUNTIFS($I$25:$I$33,$BF1,$J$25:$J$33,"")+COUNTIFS($L$25:$L$33,$BF1,$K$25:$K$33,"")+COUNTIFS($O$25:$O$33,$BF1,$P$25:$P$33,"")+COUNTIFS($R$25:$R$33,$BF1,$Q$25:$Q$33,"")+COUNTIFS($C$36:$C$44,$BF1,$D$36:$D$44,"")+COUNTIFS($F$36:$F$44,$BF1,$E$36:$E$44,"")+COUNTIFS($I$36:$I$44,$BF1,$J$36:$J$44,"")+COUNTIFS($L$36:$L$44,$BF1,$K$36:$K$44,"")+COUNTIFS($O$36:$O$44,$BF1,$P$36:$P$44,"")+COUNTIFS($R$36:$R$44,$BF1,$Q$36:$Q$44,"") -> 2 | BL1: =BG1+BK1 -> 11 | BM1: =IF(BJ1<=2, "Qualified", IF(BK1=0, IF(BG1>=INDEX($BG$1:$BG$9, 6), "Qualified", "Eliminated"), IF(BL1<INDEX($BG$1:$BG$9, MATCH(6, $BG$1:$BG$9, 0)), "Eliminated", IF(BG1>_xlfn.AGGREGATE(14, 6, ($BG$1:$BG$9+$BK$1:$BK$9)/($BG$1:$BG$9<INDEX($BG$1:$BG$9, 6)), 1), "Qualified", "Chance")))) -> #N/A
A2: # | B2: TIM | C2: M-Win | D2: M-Lose | E2: G-Win | F2: G-Lose | G2: Diff | H2: Chance | J2: Workbook ini dibuat sebagai bagian dari portofolio pribadi untuk menunjukkan kemampuan saya dalam menggunakan Microsoft Excel pada tingkat menengah. Project ini berfokus pada pengolahan data klasemen dan simulasi playoff menggunakan input skor secara manual, dengan hasil klasemen dan bracket yang diperbarui secara otomatis. Workbook ini dibuat untuk tujuan pembelajaran dan portfolio, bukan sebagai pengganti sistem resmi atau sumber data real-time. | BF2: BTR by VIT | BG2: =SUMPRODUCT(($C$14:$C$22=$BF2)*($D$14:$D$22>$E$14:$E$22))+SUMPRODUCT(($F$14:$F$22=$BF2)*($E$14:$E$22>$D$14:$D$22))+SUMPRODUCT(($I$14:$I$22=$BF2)*($J$14:$J$22>$K$14:$K$22))+SUMPRODUCT(($L$14:$L$22=$BF2)*($K$14:$K$22>$J$14:$J$22))+SUMPRODUCT(($O$14:$O$22=$BF2)*($P$14:$P$22>$Q$14:$Q$22))+SUMPRODUCT(($R$14:$R$22=$BF2)*($Q$14:$Q$22>$P$14:$P$22))+SUMPRODUCT(($C$25:$C$33=$BF2)*($D$25:$D$33>$E$25:$E$33))+SUMPRODUCT(($F$25:$F$33=$BF2)*($E$25:$E$33>$D$25:$D$33))+SUMPRODUCT(($I$25:$I$33=$BF2)*($J$25:$J$33>$K$25:$K$33))+SUMPRODUCT(($L$25:$L$33=$BF2)*($K$25:$K$33>$J$25:$J$33))+SUMPRODUCT(($O$25:$O$33=$BF2)*($P$25:$P$33>$Q$25:$Q$33))+SUMPRODUCT(($R$25:$R$33=$BF2)*($Q$25:$Q$33>$P$25:$P$33))+SUMPRODUCT(($C$36:$C$44=$BF2)*($D$36:$D$44>$E$36:$E$44))+SUMPRODUCT(($F$36:$F$44=$BF2)*($E$36:$E$44>$D$36:$D$44))+SUMPRODUCT(($I$36:$I$44=$BF2)*($J$36:$J$44>$K$36:$K$44))+SUMPRODUCT(($L$36:$L$44=$BF2)*($K$36:$K$44>$J$36:$J$44))+SUMPRODUCT(($O$36:$O$44=$BF2)*($P$36:$P$44>$Q$36:$Q$44))+SUMPRODUCT(($R$36:$R$44=$BF2)*($Q$36:$Q$44>$P$36:$P$44)) -> 7 | BH2: =SUMPRODUCT(($C$14:$C$22=$BF2)*($D$14:$D$22-$E$14:$E$22))+SUMPRODUCT(($F$14:$F$22=$BF2)*($E$14:$E$22-$D$14:$D$22))+SUMPRODUCT(($I$14:$I$22=$BF2)*($J$14:$J$22-$K$14:$K$22))+SUMPRODUCT(($L$14:$L$22=$BF2)*($K$14:$K$22-$J$14:$J$22))+SUMPRODUCT(($O$14:$O$22=$BF2)*($P$14:$P$22-$Q$14:$Q$22))+SUMPRODUCT(($R$14:$R$22=$BF2)*($Q$14:$Q$22-$P$14:$P$22))+SUMPRODUCT(($C$25:$C$33=$BF2)*($D$25:$D$33-$E$25:$E$33))+SUMPRODUCT(($F$25:$F$33=$BF2)*($E$25:$E$33-$D$25:$D$33))+SUMPRODUCT(($I$25:$I$33=$BF2)*($J$25:$J$33-$K$25:$K$33))+SUMPRODUCT(($L$25:$L$33=$BF2)*($K$25:$K$33-$J$25:$J$33))+SUMPRODUCT(($O$25:$O$33=$BF2)*($P$25:$P$33-$Q$25:$Q$33))+SUMPRODUCT(($R$25:$R$33=$BF2)*($Q$25:$Q$33-$P$25:$P$33))+SUMPRODUCT(($C$36:$C$44=$BF2)*($D$36:$D$44-$E$36:$E$44))+SUMPRODUCT(($F$36:$F$44=$BF2)*($E$36:$E$44-$D$36:$D$44))+SUMPRODUCT(($I$36:$I$44=$BF2)*($J$36:$J$44-$K$36:$K$44))+SUMPRODUCT(($L$36:$L$44=$BF2)*($K$36:$K$44-$J$36:$J$44))+SUMPRODUCT(($O$36:$O$44=$BF2)*($P$36:$P$44-$Q$36:$Q$44))+SUMPRODUCT(($R$36:$R$44=$BF2)*($Q$36:$Q$44-$P$36:$P$44))+SUMPRODUCT(($C$47:$C$55=$BF2)*($D$47:$D$55-$E$47:$E$55))+SUMPRODUCT(($F$47:$F$55=$BF2)*($E$47:$E$55-$D$47:$D$55)) -> -2 | BI2: =IF(COUNTIFS($BG$1:$BG$9,BG2,$BH$1:$BH$9,BH2)<=1,0,SUMPRODUCT(INDEX($BG$13:$BO$21,MATCH(BF2,$BF$13:$BF$21,0),0)*TRANSPOSE(($BG$1:$BG$9=BG2)*($BH$1:$BH$9=BH2)))) -> 0 | BJ2: =1+SUMPRODUCT(--($BG$1:$BG$9>BG2))+SUMPRODUCT(--($BG$1:$BG$9=BG2),--($BH$1:$BH$9>BH2))+SUMPRODUCT(--($BG$1:$BG$9=BG2),--($BH$1:$BH$9=BH2),--($BI$1:$BI$9>BI2))+SUMPRODUCT(--($BG$1:$BG$9=BG2),--($BH$1:$BH$9=BH2),--($BI$1:$BI$9=BI2),--($BF$1:$BF$9<BF2)) -> 5 | BK2: =COUNTIFS($C$14:$C$22,$BF2,$D$14:$D$22,"")+COUNTIFS($F$14:$F$22,$BF2,$E$14:$E$22,"")+COUNTIFS($I$14:$I$22,$BF2,$J$14:$J$22,"")+COUNTIFS($L$14:$L$22,$BF2,$K$14:$K$22,"")+COUNTIFS($O$14:$O$22,$BF2,$P$14:$P$22,"")+COUNTIFS($R$14:$R$22,$BF2,$Q$14:$Q$22,"")+COUNTIFS($C$25:$C$33,$BF2,$D$25:$D$33,"")+COUNTIFS($F$25:$F$33,$BF2,$E$25:$E$33,"")+COUNTIFS($I$25:$I$33,$BF2,$J$25:$J$33,"")+COUNTIFS($L$25:$L$33,$BF2,$K$25:$K$33,"")+COUNTIFS($O$25:$O$33,$BF2,$P$25:$P$33,"")+COUNTIFS($R$25:$R$33,$BF2,$Q$25:$Q$33,"")+COUNTIFS($C$36:$C$44,$BF2,$D$36:$D$44,"")+COUNTIFS($F$36:$F$44,$BF2,$E$36:$E$44,"")+COUNTIFS($I$36:$I$44,$BF2,$J$36:$J$44,"")+COUNTIFS($L$36:$L$44,$BF2,$K$36:$K$44,"")+COUNTIFS($O$36:$O$44,$BF2,$P$36:$P$44,"")+COUNTIFS($R$36:$R$44,$BF2,$Q$36:$Q$44,"") -> 3 | BL2: =BG2+BK2 -> 10 | BM2: =IF(BJ2<=2, "Qualified", IF(BK2=0, IF(BG2>=INDEX($BG$1:$BG$9, 6), "Qualified", "Eliminated"), IF(BL2<INDEX($BG$1:$BG$9, MATCH(6, $BG$1:$BG$9, 0)), "Eliminated", IF(BG2>_xlfn.AGGREGATE(14, 6, ($BG$1:$BG$9+$BK$1:$BK$9)/($BG$1:$BG$9<INDEX($BG$1:$BG$9, 6)), 1), "Qualified", "Chance")))) -> #N/A
A3: 1 | B3: =INDEX($BF$1:$BF$9,MATCH(ROW()-2,$BJ$1:$BJ$9,0)) -> NAVI | C3: =SUMPRODUCT(($C$14:$C$22=$B3)*ISNUMBER($D$14:$D$22)*ISNUMBER($E$14:$E$22)*($D$14:$D$22>$E$14:$E$22))+SUMPRODUCT(($F$14:$F$22=$B3)*ISNUMBER($D$14:$D$22)*ISNUMBER($E$14:$E$22)*($E$14:$E$22>$D$14:$D$22))+SUMPRODUCT(($I$14:$I$22=$B3)*ISNUMBER($J$14:$J$22)*ISNUMBER($K$14:$K$22)*($J$14:$J$22>$K$14:$K$22))+SUMPRODUCT(($L$14:$L$22=$B3)*ISNUMBER($J$14:$J$22)*ISNUMBER($K$14:$K$22)*($K$14:$K$22>$J$14:$J$22))+SUMPRODUCT(($O$14:$O$22=$B3)*ISNUMBER($P$14:$P$22)*ISNUMBER($Q$14:$Q$22)*($P$14:$P$22>$Q$14:$Q$22))+SUMPRODUCT(($R$14:$R$22=$B3)*ISNUMBER($P$14:$P$22)*ISNUMBER($Q$14:$Q$22)*($Q$14:$Q$22>$P$14:$P$22))+SUMPRODUCT(($C$25:$C$33=$B3)*ISNUMBER($D$25:$D$33)*ISNUMBER($E$25:$E$33)*($D$25:$D$33>$E$25:$E$33))+SUMPRODUCT(($F$25:$F$33=$B3)*ISNUMBER($D$25:$D$33)*ISNUMBER($E$25:$E$33)*($E$25:$E$33>$D$25:$D$33))+SUMPRODUCT(($I$25:$I$33=$B3)*ISNUMBER($J$25:$J$33)*ISNUMBER($K$25:$K$33)*($J$25:$J$33>$K$25:$K$33))+SUMPRODUCT(($L$25:$L$33=$B3)*ISNUMBER($J$25:$J$33)*ISNUMBER($K$25:$K$33)*($K$25:$K$33>$J$25:$J$33))+SUMPRODUCT(($O$25:$O$33=$B3)*ISNUMBER($P$25:$P$33)*ISNUMBER($Q$25:$Q$33)*($P$25:$P$33>$Q$25:$Q$33))+SUMPRODUCT(($R$25:$R$33=$B3)*ISNUMBER($P$25:$P$33)*ISNUMBER($Q$25:$Q$33)*($Q$25:$Q$33>$P$25:$P$33))+SUMPRODUCT(($C$36:$C$44=$B3)*ISNUMBER($D$36:$D$44)*ISNUMBER($E$36:$E$44)*($D$36:$D$44>$E$36:$E$44))+SUMPRODUCT(($F$36:$F$44=$B3)*ISNUMBER($D$36:$D$44)*ISNUMBER($E$36:$E$44)*($E$36:$E$44>$D$36:$D$44))+SUMPRODUCT(($I$36:$I$44=$B3)*ISNUMBER($J$36:$J$44)*ISNUMBER($K$36:$K$44)*($J$36:$J$44>$K$36:$K$44))+SUMPRODUCT(($L$36:$L$44=$B3)*ISNUMBER($J$36:$J$44)*ISNUMBER($K$36:$K$44)*($K$36:$K$44>$J$36:$J$44))+SUMPRODUCT(($O$36:$O$44=$B3)*ISNUMBER($P$36:$P$44)*ISNUMBER($Q$36:$Q$44)*($P$36:$P$44>$Q$36:$Q$44))+SUMPRODUCT(($R$36:$R$44=$B3)*ISNUMBER($P$36:$P$44)*ISNUMBER($Q$36:$Q$44)*($Q$36:$Q$44>$P$36:$P$44)) -> 11 | D3: =SUMPRODUCT(($C$14:$C$22=$B3)*ISNUMBER($D$14:$D$22)*ISNUMBER($E$14:$E$22)*($D$14:$D$22<$E$14:$E$22))+SUMPRODUCT(($F$14:$F$22=$B3)*ISNUMBER($D$14:$D$22)*ISNUMBER($E$14:$E$22)*($E$14:$E$22<$D$14:$D$22))+SUMPRODUCT(($I$14:$I$22=$B3)*ISNUMBER($J$14:$J$22)*ISNUMBER($K$14:$K$22)*($J$14:$J$22<$K$14:$K$22))+SUMPRODUCT(($L$14:$L$22=$B3)*ISNUMBER($J$14:$J$22)*ISNUMBER($K$14:$K$22)*($K$14:$K$22<$J$14:$J$22))+SUMPRODUCT(($O$14:$O$22=$B3)*ISNUMBER($P$14:$P$22)*ISNUMBER($Q$14:$Q$22)*($P$14:$P$22<$Q$14:$Q$22))+SUMPRODUCT(($R$14:$R$22=$B3)*ISNUMBER($P$14:$P$22)*ISNUMBER($Q$14:$Q$22)*($Q$14:$Q$22<$P$14:$P$22))+SUMPRODUCT(($C$25:$C$33=$B3)*ISNUMBER($D$25:$D$33)*ISNUMBER($E$25:$E$33)*($D$25:$D$33<$E$25:$E$33))+SUMPRODUCT(($F$25:$F$33=$B3)*ISNUMBER($D$25:$D$33)*ISNUMBER($E$25:$E$33)*($E$25:$E$33<$D$25:$D$33))+SUMPRODUCT(($I$25:$I$33=$B3)*ISNUMBER($J$25:$J$33)*ISNUMBER($K$25:$K$33)*($J$25:$J$33<$K$25:$K$33))+SUMPRODUCT(($L$25:$L$33=$B3)*ISNUMBER($J$25:$J$33)*ISNUMBER($K$25:$K$33)*($K$25:$K$33<$J$25:$K$33))+SUMPRODUCT(($O$25:$O$33=$B3)*ISNUMBER($P$25:$P$33)*ISNUMBER($Q$25:$Q$33)*($P$25:$P$33<$Q$25:$Q$33))+SUMPRODUCT(($R$25:$R$33=$B3)*ISNUMBER($P$25:$P$33)*ISNUMBER($Q$25:$Q$33)*($Q$25:$Q$33<$P$25:$P$33))+SUMPRODUCT(($C$36:$C$44=$B3)*ISNUMBER($D$36:$D$44)*ISNUMBER($E$36:$E$44)*($D$36:$D$44<$E$36:$E$44))+SUMPRODUCT(($F$36:$F$44=$B3)*ISNUMBER($D$36:$D$44)*ISNUMBER($E$36:$E$44)*($E$36:$E$44<$D$36:$D$44))+SUMPRODUCT(($I$36:$I$44=$B3)*ISNUMBER($J$36:$J$44)*ISNUMBER($K$36:$K$44)*($J$36:$J$44<$K$36:$K$44))+SUMPRODUCT(($L$36:$L$44=$B3)*ISNUMBER($J$36:$J$44)*ISNUMBER($K$36:$K$44)*($K$36:$K$44<$J$36:$J$44))+SUMPRODUCT(($O$36:$O$44=$B3)*ISNUMBER($P$36:$P$44)*ISNUMBER($Q$36:$Q$44)*($P$36:$P$44<$Q$36:$Q$44))+SUMPRODUCT(($R$36:$R$44=$B3)*ISNUMBER($P$36:$P$44)*ISNUMBER($Q$36:$Q$44)*($Q$36:$Q$44<$P$36:$P$44)) -> 3 | E3: =SUMIF($C$14:$C$22,$B3,$D$14:$D$22)+SUMIF($F$14:$F$22,$B3,$E$14:$E$22)+SUMIF($I$14:$I$22,$B3,$J$14:$J$22)+SUMIF($L$14:$L$22,$B3,$K$14:$K$22)+SUMIF($O$14:$O$22,$B3,$P$14:$P$22)+SUMIF($R$14:$R$22,$B3,$Q$14:$Q$22)+SUMIF($C$25:$C$33,$B3,$D$25:$D$33)+SUMIF($F$25:$F$33,$B3,$E$25:$E$33)+SUMIF($I$25:$I$33,$B3,$J$25:$J$33)+SUMIF($L$25:$L$33,$B3,$K$25:$K$33)+SUMIF($O$25:$O$33,$B3,$P$25:$P$33)+SUMIF($R$25:$R$33,$B3,$Q$25:$Q$33)+SUMIF($C$36:$C$44,$B3,$D$36:$D$44)+SUMIF($F$36:$F$44,$B3,$E$36:$E$44)+SUMIF($I$36:$I$44,$B3,$J$36:$J$44)+SUMIF($L$36:$L$44,$B3,$K$36:$K$44)+SUMIF($O$36:$O$44,$B3,$P$36:$P$44)+SUMIF($R$36:$R$44,$B3,$Q$36:$Q$44)+SUMIF($C$47:$C$55,$B3,$D$47:$D$55)+SUMIF($F$47:$F$55,$B3,$E$47:$E$55) -> 23 | F3: =SUMIF($C$14:$C$22,$B3,$E$14:$E$22)+SUMIF($F$14:$F$22,$B3,$D$14:$D$22)+SUMIF($I$14:$I$22,$B3,$K$14:$K$22)+SUMIF($L$14:$L$22,$B3,$J$14:$J$22)+SUMIF($O$14:$O$22,$B3,$Q$14:$Q$22)+SUMIF($R$14:$R$22,$B3,$P$14:$P$22)+SUMIF($C$25:$C$33,$B3,$E$25:$E$33)+SUMIF($F$25:$F$33,$B3,$D$25:$D$33)+SUMIF($I$25:$I$33,$B3,$K$25:$K$33)+SUMIF($L$25:$L$33,$B3,$J$25:$J$33)+SUMIF($O$25:$O$33,$B3,$Q$25:$Q$33)+SUMIF($R$25:$R$33,$B3,$P$25:$P$33)+SUMIF($C$36:$C$44,$B3,$E$36:$E$44)+SUMIF($F$36:$F$44,$B3,$D$36:$D$44)+SUMIF($I$36:$I$44,$B3,$K$36:$K$44)+SUMIF($L$36:$L$44,$B3,$J$36:$J$44)+SUMIF($O$36:$O$44,$B3,$Q$36:$Q$44)+SUMIF($R$36:$R$44,$B3,$P$36:$P$44)+SUMIF($C$47:$C$55,$B3,$E$47:$E$55)+SUMIF($F$47:$F$55,$B3,$D$47:$D$55) -> 9 | G3: =E3-F3 -> 14 | H3: =F61 -> Qualified | BF3: DEWA | BG3: =SUMPRODUCT(($C$14:$C$22=$BF3)*($D$14:$D$22>$E$14:$E$22))+SUMPRODUCT(($F$14:$F$22=$BF3)*($E$14:$E$22>$D$14:$D$22))+SUMPRODUCT(($I$14:$I$22=$BF3)*($J$14:$J$22>$K$14:$K$22))+SUMPRODUCT(($L$14:$L$22=$BF3)*($K$14:$K$22>$J$14:$J$22))+SUMPRODUCT(($O$14:$O$22=$BF3)*($P$14:$P$22>$Q$14:$Q$22))+SUMPRODUCT(($R$14:$R$22=$BF3)*($Q$14:$Q$22>$P$14:$P$22))+SUMPRODUCT(($C$25:$C$33=$BF3)*($D$25:$D$33>$E$25:$E$33))+SUMPRODUCT(($F$25:$F$33=$BF3)*($E$25:$E$33>$D$25:$D$33))+SUMPRODUCT(($I$25:$I$33=$BF3)*($J$25:$J$33>$K$25:$K$33))+SUMPRODUCT(($L$25:$L$33=$BF3)*($K$25:$K$33>$J$25:$J$33))+SUMPRODUCT(($O$25:$O$33=$BF3)*($P$25:$P$33>$Q$25:$Q$33))+SUMPRODUCT(($R$25:$R$33=$BF3)*($Q$25:$Q$33>$P$25:$P$33))+SUMPRODUCT(($C$36:$C$44=$BF3)*($D$36:$D$44>$E$36:$E$44))+SUMPRODUCT(($F$36:$F$44=$BF3)*($E$36:$E$44>$D$36:$D$44))+SUMPRODUCT(($I$36:$I$44=$BF3)*($J$36:$J$44>$K$36:$K$44))+SUMPRODUCT(($L$36:$L$44=$BF3)*($K$36:$K$44>$J$36:$J$44))+SUMPRODUCT(($O$36:$O$44=$BF3)*($P$36:$P$44>$Q$36:$Q$44))+SUMPRODUCT(($R$36:$R$44=$BF3)*($Q$36:$Q$44>$P$36:$P$44)) -> 5 | BH3: =SUMPRODUCT(($C$14:$C$22=$BF3)*($D$14:$D$22-$E$14:$E$22))+SUMPRODUCT(($F$14:$F$22=$BF3)*($E$14:$E$22-$D$14:$D$22))+SUMPRODUCT(($I$14:$I$22=$BF3)*($J$14:$J$22-$K$14:$K$22))+SUMPRODUCT(($L$14:$L$22=$BF3)*($K$14:$K$22-$J$14:$J$22))+SUMPRODUCT(($O$14:$O$22=$BF3)*($P$14:$P$22-$Q$14:$Q$22))+SUMPRODUCT(($R$14:$R$22=$BF3)*($Q$14:$Q$22-$P$14:$P$22))+SUMPRODUCT(($C$25:$C$33=$BF3)*($D$25:$D$33-$E$25:$E$33))+SUMPRODUCT(($F$25:$F$33=$BF3)*($E$25:$E$33-$D$25:$D$33))+SUMPRODUCT(($I$25:$I$33=$BF3)*($J$25:$J$33-$K$25:$K$33))+SUMPRODUCT(($L$25:$L$33=$BF3)*($K$25:$K$33-$J$25:$J$33))+SUMPRODUCT(($O$25:$O$33=$BF3)*($P$25:$P$33-$Q$25:$Q$33))+SUMPRODUCT(($R$25:$R$33=$BF3)*($Q$25:$Q$33-$P$25:$P$33))+SUMPRODUCT(($C$36:$C$44=$BF3)*($D$36:$D$44-$E$36:$E$44))+SUMPRODUCT(($F$36:$F$44=$BF3)*($E$36:$E$44-$D$36:$D$44))+SUMPRODUCT(($I$36:$I$44=$BF3)*($J$36:$J$44-$K$36:$K$44))+SUMPRODUCT(($L$36:$L$44=$BF3)*($K$36:$K$44-$J$36:$J$44))+SUMPRODUCT(($O$36:$O$44=$BF3)*($P$36:$P$44-$Q$36:$Q$44))+SUMPRODUCT(($R$36:$R$44=$BF3)*($Q$36:$Q$44-$P$36:$P$44))+SUMPRODUCT(($C$47:$C$55=$BF3)*($D$47:$D$55-$E$47:$E$55))+SUMPRODUCT(($F$47:$F$55=$BF3)*($E$47:$E$55-$D$47:$D$55)) -> -8 | BI3: =IF(COUNTIFS($BG$1:$BG$9,BG3,$BH$1:$BH$9,BH3)<=1,0,SUMPRODUCT(INDEX($BG$13:$BO$21,MATCH(BF3,$BF$13:$BF$21,0),0)*TRANSPOSE(($BG$1:$BG$9=BG3)*($BH$1:$BH$9=BH3)))) -> 0 | BJ3: =1+SUMPRODUCT(--($BG$1:$BG$9>BG3))+SUMPRODUCT(--($BG$1:$BG$9=BG3),--($BH$1:$BH$9>BH3))+SUMPRODUCT(--($BG$1:$BG$9=BG3),--($BH$1:$BH$9=BH3),--($BI$1:$BI$9>BI3))+SUMPRODUCT(--($BG$1:$BG$9=BG3),--($BH$1:$BH$9=BH3),--($BI$1:$BI$9=BI3),--($BF$1:$BF$9<BF3)) -> 7 | BK3: =COUNTIFS($C$14:$C$22,$BF3,$D$14:$D$22,"")+COUNTIFS($F$14:$F$22,$BF3,$E$14:$E$22,"")+COUNTIFS($I$14:$I$22,$BF3,$J$14:$J$22,"")+COUNTIFS($L$14:$L$22,$BF3,$K$14:$K$22,"")+COUNTIFS($O$14:$O$22,$BF3,$P$14:$P$22,"")+COUNTIFS($R$14:$R$22,$BF3,$Q$14:$Q$22,"")+COUNTIFS($C$25:$C$33,$BF3,$D$25:$D$33,"")+COUNTIFS($F$25:$F$33,$BF3,$E$25:$E$33,"")+COUNTIFS($I$25:$I$33,$BF3,$J$25:$J$33,"")+COUNTIFS($L$25:$L$33,$BF3,$K$25:$K$33,"")+COUNTIFS($O$25:$O$33,$BF3,$P$25:$P$33,"")+COUNTIFS($R$25:$R$33,$BF3,$Q$25:$Q$33,"")+COUNTIFS($C$36:$C$44,$BF3,$D$36:$D$44,"")+COUNTIFS($F$36:$F$44,$BF3,$E$36:$E$44,"")+COUNTIFS($I$36:$I$44,$BF3,$J$36:$J$44,"")+COUNTIFS($L$36:$L$44,$BF3,$K$36:$K$44,"")+COUNTIFS($O$36:$O$44,$BF3,$P$36:$P$44,"")+COUNTIFS($R$36:$R$44,$BF3,$Q$36:$Q$44,"") -> 2 | BL3: =BG3+BK3 -> 7 | BM3: =IF(BJ3<=2, "Qualified", IF(BK3=0, IF(BG3>=INDEX($BG$1:$BG$9, 6), "Qualified", "Eliminated"), IF(BL3<INDEX($BG$1:$BG$9, MATCH(6, $BG$1:$BG$9, 0)), "Eliminated", IF(BG3>_xlfn.AGGREGATE(14, 6, ($BG$1:$BG$9+$BK$1:$BK$9)/($BG$1:$BG$9<INDEX($BG$1:$BG$9, 6)), 1), "Qualified", "Chance")))) -> #N/A
A4: 2 | B4: =INDEX($BF$1:$BF$9,MATCH(ROW()-2,$BJ$1:$BJ$9,0)) -> TLID | C4: =SUMPRODUCT(($C$14:$C$22=$B4)*ISNUMBER($D$14:$D$22)*ISNUMBER($E$14:$E$22)*($D$14:$D$22>$E$14:$E$22))+SUMPRODUCT(($F$14:$F$22=$B4)*ISNUMBER($D$14:$D$22)*ISNUMBER($E$14:$E$22)*($E$14:$E$22>$D$14:$D$22))+SUMPRODUCT(($I$14:$I$22=$B4)*ISNUMBER($J$14:$J$22)*ISNUMBER($K$14:$K$22)*($J$14:$J$22>$K$14:$K$22))+SUMPRODUCT(($L$14:$L$22=$B4)*ISNUMBER($J$14:$J$22)*ISNUMBER($K$14:$K$22)*($K$14:$K$22>$J$14:$J$22))+SUMPRODUCT(($O$14:$O$22=$B4)*ISNUMBER($P$14:$P$22)*ISNUMBER($Q$14:$Q$22)*($P$14:$P$22>$Q$14:$Q$22))+SUMPRODUCT(($R$14:$R$22=$B4)*ISNUMBER($P$14:$P$22)*ISNUMBER($Q$14:$Q$22)*($Q$14:$Q$22>$P$14:$P$22))+SUMPRODUCT(($C$25:$C$33=$B4)*ISNUMBER($D$25:$D$33)*ISNUMBER($E$25:$E$33)*($D$25:$D$33>$E$25:$E$33))+SUMPRODUCT(($F$25:$F$33=$B4)*ISNUMBER($D$25:$D$33)*ISNUMBER($E$25:$E$33)*($E$25:$E$33>$D$25:$D$33))+SUMPRODUCT(($I$25:$I$33=$B4)*ISNUMBER($J$25:$J$33)*ISNUMBER($K$25:$K$33)*($J$25:$J$33>$K$25:$K$33))+SUMPRODUCT(($L$25:$L$33=$B4)*ISNUMBER($J$25:$J$33)*ISNUMBER($K$25:$K$33)*($K$25:$K$33>$J$25:$J$33))+SUMPRODUCT(($O$25:$O$33=$B4)*ISNUMBER($P$25:$P$33)*ISNUMBER($Q$25:$Q$33)*($P$25:$P$33>$Q$25:$Q$33))+SUMPRODUCT(($R$25:$R$33=$B4)*ISNUMBER($P$25:$P$33)*ISNUMBER($Q$25:$Q$33)*($Q$25:$Q$33>$P$25:$P$33))+SUMPRODUCT(($C$36:$C$44=$B4)*ISNUMBER($D$36:$D$44)*ISNUMBER($E$36:$E$44)*($D$36:$D$44>$E$36:$E$44))+SUMPRODUCT(($F$36:$F$44=$B4)*ISNUMBER($D$36:$D$44)*ISNUMBER($E$36:$E$44)*($E$36:$E$44>$D$36:$D$44))+SUMPRODUCT(($I$36:$I$44=$B4)*ISNUMBER($J$36:$J$44)*ISNUMBER($K$36:$K$44)*($J$36:$J$44>$K$36:$K$44))+SUMPRODUCT(($L$36:$L$44=$B4)*ISNUMBER($J$36:$J$44)*ISNUMBER($K$36:$K$44)*($K$36:$K$44>$J$36:$J$44))+SUMPRODUCT(($O$36:$O$44=$B4)*ISNUMBER($P$36:$P$44)*ISNUMBER($Q$36:$Q$44)*($P$36:$P$44>$Q$36:$Q$44))+SUMPRODUCT(($R$36:$R$44=$B4)*ISNUMBER($P$36:$P$44)*ISNUMBER($Q$36:$Q$44)*($Q$36:$Q$44>$P$36:$P$44)) -> 11 | D4: =SUMPRODUCT(($C$14:$C$22=$B4)*ISNUMBER($D$14:$D$22)*ISNUMBER($E$14:$E$22)*($D$14:$D$22<$E$14:$E$22))+SUMPRODUCT(($F$14:$F$22=$B4)*ISNUMBER($D$14:$D$22)*ISNUMBER($E$14:$E$22)*($E$14:$E$22<$D$14:$D$22))+SUMPRODUCT(($I$14:$I$22=$B4)*ISNUMBER($J$14:$J$22)*ISNUMBER($K$14:$K$22)*($J$14:$J$22<$K$14:$K$22))+SUMPRODUCT(($L$14:$L$22=$B4)*ISNUMBER($J$14:$J$22)*ISNUMBER($K$14:$K$22)*($K$14:$K$22<$J$14:$J$22))+SUMPRODUCT(($O$14:$O$22=$B4)*ISNUMBER($P$14:$P$22)*ISNUMBER($Q$14:$Q$22)*($P$14:$P$22<$Q$14:$Q$22))+SUMPRODUCT(($R$14:$R$22=$B4)*ISNUMBER($P$14:$P$22)*ISNUMBER($Q$14:$Q$22)*($Q$14:$Q$22<$P$14:$P$22))+SUMPRODUCT(($C$25:$C$33=$B4)*ISNUMBER($D$25:$D$33)*ISNUMBER($E$25:$E$33)*($D$25:$D$33<$E$25:$E$33))+SUMPRODUCT(($F$25:$F$33=$B4)*ISNUMBER($D$25:$D$33)*ISNUMBER($E$25:$E$33)*($E$25:$E$33<$D$25:$D$33))+SUMPRODUCT(($I$25:$I$33=$B4)*ISNUMBER($J$25:$J$33)*ISNUMBER($K$25:$K$33)*($J$25:$J$33<$K$25:$K$33))+SUMPRODUCT(($L$25:$L$33=$B4)*ISNUMBER($J$25:$J$33)*ISNUMBER($K$25:$K$33)*($K$25:$K$33<$J$25:$K$33))+SUMPRODUCT(($O$25:$O$33=$B4)*ISNUMBER($P$25:$P$33)*ISNUMBER($Q$25:$Q$33)*($P$25:$P$33<$Q$25:$Q$33))+SUMPRODUCT(($R$25:$R$33=$B4)*ISNUMBER($P$25:$P$33)*ISNUMBER($Q$25:$Q$33)*($Q$25:$Q$33<$P$25:$P$33))+SUMPRODUCT(($C$36:$C$44=$B4)*ISNUMBER($D$36:$D$44)*ISNUMBER($E$36:$E$44)*($D$36:$D$44<$E$36:$E$44))+SUMPRODUCT(($F$36:$F$44=$B4)*ISNUMBER($D$36:$D$44)*ISNUMBER($E$36:$E$44)*($E$36:$E$44<$D$36:$D$44))+SUMPRODUCT(($I$36:$I$44=$B4)*ISNUMBER($J$36:$J$44)*ISNUMBER($K$36:$K$44)*($J$36:$J$44<$K$36:$K$44))+SUMPRODUCT(($L$36:$L$44=$B4)*ISNUMBER($J$36:$J$44)*ISNUMBER($K$36:$K$44)*($K$36:$K$44<$J$36:$J$44))+SUMPRODUCT(($O$36:$O$44=$B4)*ISNUMBER($P$36:$P$44)*ISNUMBER($Q$36:$Q$44)*($P$36:$P$44<$Q$36:$Q$44))+SUMPRODUCT(($R$36:$R$44=$B4)*ISNUMBER($P$36:$P$44)*ISNUMBER($Q$36:$Q$44)*($Q$36:$Q$44<$P$36:$P$44)) -> 4 | E4: =SUMIF($C$14:$C$22,$B4,$D$14:$D$22)+SUMIF($F$14:$F$22,$B4,$E$14:$E$22)+SUMIF($I$14:$I$22,$B4,$J$14:$J$22)+SUMIF($L$14:$L$22,$B4,$K$14:$K$22)+SUMIF($O$14:$O$22,$B4,$P$14:$P$22)+SUMIF($R$14:$R$22,$B4,$Q$14:$Q$22)+SUMIF($C$25:$C$33,$B4,$D$25:$D$33)+SUMIF($F$25:$F$33,$B4,$E$25:$E$33)+SUMIF($I$25:$I$33,$B4,$J$25:$J$33)+SUMIF($L$25:$L$33,$B4,$K$25:$K$33)+SUMIF($O$25:$O$33,$B4,$P$25:$P$33)+SUMIF($R$25:$R$33,$B4,$Q$25:$Q$33)+SUMIF($C$36:$C$44,$B4,$D$36:$D$44)+SUMIF($F$36:$F$44,$B4,$E$36:$E$44)+SUMIF($I$36:$I$44,$B4,$J$36:$J$44)+SUMIF($L$36:$L$44,$B4,$K$36:$K$44)+SUMIF($O$36:$O$44,$B4,$P$36:$P$44)+SUMIF($R$36:$R$44,$B4,$Q$36:$Q$44)+SUMIF($C$47:$C$55,$B4,$D$47:$D$55)+SUMIF($F$47:$F$55,$B4,$E$47:$E$55) -> 24 | F4: =SUMIF($C$14:$C$22,$B4,$E$14:$E$22)+SUMIF($F$14:$F$22,$B4,$D$14:$D$22)+SUMIF($I$14:$I$22,$B4,$K$14:$K$22)+SUMIF($L$14:$L$22,$B4,$J$14:$J$22)+SUMIF($O$14:$O$22,$B4,$Q$14:$Q$22)+SUMIF($R$14:$R$22,$B4,$P$14:$P$22)+SUMIF($C$25:$C$33,$B4,$E$25:$E$33)+SUMIF($F$25:$F$33,$B4,$D$25:$D$33)+SUMIF($I$25:$I$33,$B4,$K$25:$K$33)+SUMIF($L$25:$L$33,$B4,$J$25:$J$33)+SUMIF($O$25:$O$33,$B4,$Q$25:$Q$33)+SUMIF($R$25:$R$33,$B4,$P$25:$P$33)+SUMIF($C$36:$C$44,$B4,$E$36:$E$44)+SUMIF($F$36:$F$44,$B4,$D$36:$D$44)+SUMIF($I$36:$I$44,$B4,$K$36:$K$44)+SUMIF($L$36:$L$44,$B4,$J$36:$J$44)+SUMIF($O$36:$O$44,$B4,$Q$36:$Q$44)+SUMIF($R$36:$R$44,$B4,$P$36:$P$44)+SUMIF($C$47:$C$55,$B4,$E$47:$E$55)+SUMIF($F$47:$F$55,$B4,$D$47:$D$55) -> 11 | G4: =E4-F4 -> 13 | H4: =F62 -> Qualified | BF4: EVOS | BG4: =SUMPRODUCT(($C$14:$C$22=$BF4)*($D$14:$D$22>$E$14:$E$22))+SUMPRODUCT(($F$14:$F$22=$BF4)*($E$14:$E$22>$D$14:$D$22))+SUMPRODUCT(($I$14:$I$22=$BF4)*($J$14:$J$22>$K$14:$K$22))+SUMPRODUCT(($L$14:$L$22=$BF4)*($K$14:$K$22>$J$14:$J$22))+SUMPRODUCT(($O$14:$O$22=$BF4)*($P$14:$P$22>$Q$14:$Q$22))+SUMPRODUCT(($R$14:$R$22=$BF4)*($Q$14:$Q$22>$P$14:$P$22))+SUMPRODUCT(($C$25:$C$33=$BF4)*($D$25:$D$33>$E$25:$E$33))+SUMPRODUCT(($F$25:$F$33=$BF4)*($E$25:$E$33>$D$25:$D$33))+SUMPRODUCT(($I$25:$I$33=$BF4)*($J$25:$J$33>$K$25:$K$33))+SUMPRODUCT(($L$25:$L$33=$BF4)*($K$25:$K$33>$J$25:$J$33))+SUMPRODUCT(($O$25:$O$33=$BF4)*($P$25:$P$33>$Q$25:$Q$33))+SUMPRODUCT(($R$25:$R$33=$BF4)*($Q$25:$Q$33>$P$25:$P$33))+SUMPRODUCT(($C$36:$C$44=$BF4)*($D$36:$D$44>$E$36:$E$44))+SUMPRODUCT(($F$36:$F$44=$BF4)*($E$36:$E$44>$D$36:$D$44))+SUMPRODUCT(($I$36:$I$44=$BF4)*($J$36:$J$44>$K$36:$K$44))+SUMPRODUCT(($L$36:$L$44=$BF4)*($K$36:$K$44>$J$36:$J$44))+SUMPRODUCT(($O$36:$O$44=$BF4)*($P$36:$P$44>$Q$36:$Q$44))+SUMPRODUCT(($R$36:$R$44=$BF4)*($Q$36:$Q$44>$P$36:$P$44)) -> 7 | BH4: =SUMPRODUCT(($C$14:$C$22=$BF4)*($D$14:$D$22-$E$14:$E$22))+SUMPRODUCT(($F$14:$F$22=$BF4)*($E$14:$E$22-$D$14:$D$22))+SUMPRODUCT(($I$14:$I$22=$BF4)*($J$14:$J$22-$K$14:$K$22))+SUMPRODUCT(($L$14:$L$22=$BF4)*($K$14:$K$22-$J$14:$J$22))+SUMPRODUCT(($O$14:$O$22=$BF4)*($P$14:$P$22-$Q$14:$Q$22))+SUMPRODUCT(($R$14:$R$22=$BF4)*($Q$14:$Q$22-$P$14:$P$22))+SUMPRODUCT(($C$25:$C$33=$BF4)*($D$25:$D$33-$E$25:$E$33))+SUMPRODUCT(($F$25:$F$33=$BF4)*($E$25:$E$33-$D$25:$D$33))+SUMPRODUCT(($I$25:$I$33=$BF4)*($J$25:$J$33-$K$25:$K$33))+SUMPRODUCT(($L$25:$L$33=$BF4)*($K$25:$K$33-$J$25:$J$33))+SUMPRODUCT(($O$25:$O$33=$BF4)*($P$25:$P$33-$Q$25:$Q$33))+SUMPRODUCT(($R$25:$R$33=$BF4)*($Q$25:$Q$33-$P$25:$P$33))+SUMPRODUCT(($C$36:$C$44=$BF4)*($D$36:$D$44-$E$36:$E$44))+SUMPRODUCT(($F$36:$F$44=$BF4)*($E$36:$E$44-$D$36:$D$44))+SUMPRODUCT(($I$36:$I$44=$BF4)*($J$36:$J$44-$K$36:$K$44))+SUMPRODUCT(($L$36:$L$44=$BF4)*($K$36:$K$44-$J$36:$J$44))+SUMPRODUCT(($O$36:$O$44=$BF4)*($P$36:$P$44-$Q$36:$Q$44))+SUMPRODUCT(($R$36:$R$44=$BF4)*($Q$36:$Q$44-$P$36:$P$44))+SUMPRODUCT(($C$47:$C$55=$BF4)*($D$47:$D$55-$E$47:$E$55))+SUMPRODUCT(($F$47:$F$55=$BF4)*($E$47:$E$55-$D$47:$D$55)) -> 0 | BI4: =IF(COUNTIFS($BG$1:$BG$9,BG4,$BH$1:$BH$9,BH4)<=1,0,SUMPRODUCT(INDEX($BG$13:$BO$21,MATCH(BF4,$BF$13:$BF$21,0),0)*TRANSPOSE(($BG$1:$BG$9=BG4)*($BH$1:$BH$9=BH4)))) -> 0 | BJ4: =1+SUMPRODUCT(--($BG$1:$BG$9>BG4))+SUMPRODUCT(--($BG$1:$BG$9=BG4),--($BH$1:$BH$9>BH4))+SUMPRODUCT(--($BG$1:$BG$9=BG4),--($BH$1:$BH$9=BH4),--($BI$1:$BI$9>BI4))+SUMPRODUCT(--($BG$1:$BG$9=BG4),--($BH$1:$BH$9=BH4),--($BI$1:$BI$9=BI4),--($BF$1:$BF$9<BF4)) -> 4 | BK4: =COUNTIFS($C$14:$C$22,$BF4,$D$14:$D$22,"")+COUNTIFS($F$14:$F$22,$BF4,$E$14:$E$22,"")+COUNTIFS($I$14:$I$22,$BF4,$J$14:$J$22,"")+COUNTIFS($L$14:$L$22,$BF4,$K$14:$K$22,"")+COUNTIFS($O$14:$O$22,$BF4,$P$14:$P$22,"")+COUNTIFS($R$14:$R$22,$BF4,$Q$14:$Q$22,"")+COUNTIFS($C$25:$C$33,$BF4,$D$25:$D$33,"")+COUNTIFS($F$25:$F$33,$BF4,$E$25:$E$33,"")+COUNTIFS($I$25:$I$33,$BF4,$J$25:$J$33,"")+COUNTIFS($L$25:$L$33,$BF4,$K$25:$K$33,"")+COUNTIFS($O$25:$O$33,$BF4,$P$25:$P$33,"")+COUNTIFS($R$25:$R$33,$BF4,$Q$25:$Q$33,"")+COUNTIFS($C$36:$C$44,$BF4,$D$36:$D$44,"")+COUNTIFS($F$36:$F$44,$BF4,$E$36:$E$44,"")+COUNTIFS($I$36:$I$44,$BF4,$J$36:$J$44,"")+COUNTIFS($L$36:$L$44,$BF4,$K$36:$K$44,"")+COUNTIFS($O$36:$O$44,$BF4,$P$36:$P$44,"")+COUNTIFS($R$36:$R$44,$BF4,$Q$36:$Q$44,"") -> 3 | BL4: =BG4+BK4 -> 10 | BM4: =IF(BJ4<=2, "Qualified", IF(BK4=0, IF(BG4>=INDEX($BG$1:$BG$9, 6), "Qualified", "Eliminated"), IF(BL4<INDEX($BG$1:$BG$9, MATCH(6, $BG$1:$BG$9, 0)), "Eliminated", IF(BG4>_xlfn.AGGREGATE(14, 6, ($BG$1:$BG$9+$BK$1:$BK$9)/($BG$1:$BG$9<INDEX($BG$1:$BG$9, 6)), 1), "Qualified", "Chance")))) -> #N/A
A5: 3 | B5: =INDEX($BF$1:$BF$9,MATCH(ROW()-2,$BJ$1:$BJ$9,0)) -> AE | C5: =SUMPRODUCT(($C$14:$C$22=$B5)*ISNUMBER($D$14:$D$22)*ISNUMBER($E$14:$E$22)*($D$14:$D$22>$E$14:$E$22))+SUMPRODUCT(($F$14:$F$22=$B5)*ISNUMBER($D$14:$D$22)*ISNUMBER($E$14:$E$22)*($E$14:$E$22>$D$14:$D$22))+SUMPRODUCT(($I$14:$I$22=$B5)*ISNUMBER($J$14:$J$22)*ISNUMBER($K$14:$K$22)*($J$14:$J$22>$K$14:$K$22))+SUMPRODUCT(($L$14:$L$22=$B5)*ISNUMBER($J$14:$J$22)*ISNUMBER($K$14:$K$22)*($K$14:$K$22>$J$14:$J$22))+SUMPRODUCT(($O$14:$O$22=$B5)*ISNUMBER($P$14:$P$22)*ISNUMBER($Q$14:$Q$22)*($P$14:$P$22>$Q$14:$Q$22))+SUMPRODUCT(($R$14:$R$22=$B5)*ISNUMBER($P$14:$P$22)*ISNUMBER($Q$14:$Q$22)*($Q$14:$Q$22>$P$14:$P$22))+SUMPRODUCT(($C$25:$C$33=$B5)*ISNUMBER($D$25:$D$33)*ISNUMBER($E$25:$E$33)*($D$25:$D$33>$E$25:$E$33))+SUMPRODUCT(($F$25:$F$33=$B5)*ISNUMBER($D$25:$D$33)*ISNUMBER($E$25:$E$33)*($E$25:$E$33>$D$25:$D$33))+SUMPRODUCT(($I$25:$I$33=$B5)*ISNUMBER($J$25:$J$33)*ISNUMBER($K$25:$K$33)*($J$25:$J$33>$K$25:$K$33))+SUMPRODUCT(($L$25:$L$33=$B5)*ISNUMBER($J$25:$J$33)*ISNUMBER($K$25:$K$33)*($K$25:$K$33>$J$25:$J$33))+SUMPRODUCT(($O$25:$O$33=$B5)*ISNUMBER($P$25:$P$33)*ISNUMBER($Q$25:$Q$33)*($P$25:$P$33>$Q$25:$Q$33))+SUMPRODUCT(($R$25:$R$33=$B5)*ISNUMBER($P$25:$P$33)*ISNUMBER($Q$25:$Q$33)*($Q$25:$Q$33>$P$25:$P$33))+SUMPRODUCT(($C$36:$C$44=$B5)*ISNUMBER($D$36:$D$44)*ISNUMBER($E$36:$E$44)*($D$36:$D$44>$E$36:$E$44))+SUMPRODUCT(($F$36:$F$44=$B5)*ISNUMBER($D$36:$D$44)*ISNUMBER($E$36:$E$44)*($E$36:$E$44>$D$36:$D$44))+SUMPRODUCT(($I$36:$I$44=$B5)*ISNUMBER($J$36:$J$44)*ISNUMBER($K$36:$K$44)*($J$36:$J$44>$K$36:$K$44))+SUMPRODUCT(($L$36:$L$44=$B5)*ISNUMBER($J$36:$J$44)*ISNUMBER($K$36:$K$44)*($K$36:$K$44>$J$36:$J$44))+SUMPRODUCT(($O$36:$O$44=$B5)*ISNUMBER($P$36:$P$44)*ISNUMBER($Q$36:$Q$44)*($P$36:$P$44>$Q$36:$Q$44))+SUMPRODUCT(($R$36:$R$44=$B5)*ISNUMBER($P$36:$P$44)*ISNUMBER($Q$36:$Q$44)*($Q$36:$Q$44>$P$36:$P$44)) -> 9 | D5: =SUMPRODUCT(($C$14:$C$22=$B5)*ISNUMBER($D$14:$D$22)*ISNUMBER($E$14:$E$22)*($D$14:$D$22<$E$14:$E$22))+SUMPRODUCT(($F$14:$F$22=$B5)*ISNUMBER($D$14:$D$22)*ISNUMBER($E$14:$E$22)*($E$14:$E$22<$D$14:$D$22))+SUMPRODUCT(($I$14:$I$22=$B5)*ISNUMBER($J$14:$J$22)*ISNUMBER($K$14:$K$22)*($J$14:$J$22<$K$14:$K$22))+SUMPRODUCT(($L$14:$L$22=$B5)*ISNUMBER($J$14:$J$22)*ISNUMBER($K$14:$K$22)*($K$14:$K$22<$J$14:$J$22))+SUMPRODUCT(($O$14:$O$22=$B5)*ISNUMBER($P$14:$P$22)*ISNUMBER($Q$14:$Q$22)*($P$14:$P$22<$Q$14:$Q$22))+SUMPRODUCT(($R$14:$R$22=$B5)*ISNUMBER($P$14:$P$22)*ISNUMBER($Q$14:$Q$22)*($Q$14:$Q$22<$P$14:$P$22))+SUMPRODUCT(($C$25:$C$33=$B5)*ISNUMBER($D$25:$D$33)*ISNUMBER($E$25:$E$33)*($D$25:$D$33<$E$25:$E$33))+SUMPRODUCT(($F$25:$F$33=$B5)*ISNUMBER($D$25:$D$33)*ISNUMBER($E$25:$E$33)*($E$25:$E$33<$D$25:$D$33))+SUMPRODUCT(($I$25:$I$33=$B5)*ISNUMBER($J$25:$J$33)*ISNUMBER($K$25:$K$33)*($J$25:$J$33<$K$25:$K$33))+SUMPRODUCT(($L$25:$L$33=$B5)*ISNUMBER($J$25:$J$33)*ISNUMBER($K$25:$K$33)*($K$25:$K$33<$J$25:$K$33))+SUMPRODUCT(($O$25:$O$33=$B5)*ISNUMBER($P$25:$P$33)*ISNUMBER($Q$25:$Q$33)*($P$25:$P$33<$Q$25:$Q$33))+SUMPRODUCT(($R$25:$R$33=$B5)*ISNUMBER($P$25:$P$33)*ISNUMBER($Q$25:$Q$33)*($Q$25:$Q$33<$P$25:$P$33))+SUMPRODUCT(($C$36:$C$44=$B5)*ISNUMBER($D$36:$D$44)*ISNUMBER($E$36:$E$44)*($D$36:$D$44<$E$36:$E$44))+SUMPRODUCT(($F$36:$F$44=$B5)*ISNUMBER($D$36:$D$44)*ISNUMBER($E$36:$E$44)*($E$36:$E$44<$D$36:$D$44))+SUMPRODUCT(($I$36:$I$44=$B5)*ISNUMBER($J$36:$J$44)*ISNUMBER($K$36:$K$44)*($J$36:$J$44<$K$36:$K$44))+SUMPRODUCT(($L$36:$L$44=$B5)*ISNUMBER($J$36:$J$44)*ISNUMBER($K$36:$K$44)*($K$36:$K$44<$J$36:$J$44))+SUMPRODUCT(($O$36:$O$44=$B5)*ISNUMBER($P$36:$P$44)*ISNUMBER($Q$36:$Q$44)*($P$36:$P$44<$Q$36:$Q$44))+SUMPRODUCT(($R$36:$R$44=$B5)*ISNUMBER($P$36:$P$44)*ISNUMBER($Q$36:$Q$44)*($Q$36:$Q$44<$P$36:$P$44)) -> 5 | E5: =SUMIF($C$14:$C$22,$B5,$D$14:$D$22)+SUMIF($F$14:$F$22,$B5,$E$14:$E$22)+SUMIF($I$14:$I$22,$B5,$J$14:$J$22)+SUMIF($L$14:$L$22,$B5,$K$14:$K$22)+SUMIF($O$14:$O$22,$B5,$P$14:$P$22)+SUMIF($R$14:$R$22,$B5,$Q$14:$Q$22)+SUMIF($C$25:$C$33,$B5,$D$25:$D$33)+SUMIF($F$25:$F$33,$B5,$E$25:$E$33)+SUMIF($I$25:$I$33,$B5,$J$25:$J$33)+SUMIF($L$25:$L$33,$B5,$K$25:$K$33)+SUMIF($O$25:$O$33,$B5,$P$25:$P$33)+SUMIF($R$25:$R$33,$B5,$Q$25:$Q$33)+SUMIF($C$36:$C$44,$B5,$D$36:$D$44)+SUMIF($F$36:$F$44,$B5,$E$36:$E$44)+SUMIF($I$36:$I$44,$B5,$J$36:$J$44)+SUMIF($L$36:$L$44,$B5,$K$36:$K$44)+SUMIF($O$36:$O$44,$B5,$P$36:$P$44)+SUMIF($R$36:$R$44,$B5,$Q$36:$Q$44)+SUMIF($C$47:$C$55,$B3,$D$47:$D$55)+SUMIF($F$47:$F$55,$B3,$E$47:$E$55) -> 20 | F5: =SUMIF($C$14:$C$22,$B5,$E$14:$E$22)+SUMIF($F$14:$F$22,$B5,$D$14:$D$22)+SUMIF($I$14:$I$22,$B5,$K$14:$K$22)+SUMIF($L$14:$L$22,$B5,$J$14:$J$22)+SUMIF($O$14:$O$22,$B5,$Q$14:$Q$22)+SUMIF($R$14:$R$22,$B5,$P$14:$P$22)+SUMIF($C$25:$C$33,$B5,$E$25:$E$33)+SUMIF($F$25:$F$33,$B5,$D$25:$D$33)+SUMIF($I$25:$I$33,$B5,$K$25:$K$33)+SUMIF($L$25:$L$33,$B5,$J$25:$J$33)+SUMIF($O$25:$O$33,$B5,$Q$25:$Q$33)+SUMIF($R$25:$R$33,$B5,$P$25:$P$33)+SUMIF($C$36:$C$44,$B5,$E$36:$E$44)+SUMIF($F$36:$F$44,$B5,$D$36:$D$44)+SUMIF($I$36:$I$44,$B5,$K$36:$K$44)+SUMIF($L$36:$L$44,$B5,$J$36:$J$44)+SUMIF($O$36:$O$44,$B5,$Q$36:$Q$44)+SUMIF($R$36:$R$44,$B5,$P$36:$P$44)+SUMIF($C$47:$C$55,$B5,$E$47:$E$55)+SUMIF($F$47:$F$55,$B5,$D$47:$D$55) -> 11 | G5: =E5-F5 -> 9 | H5: =F63 -> Qualified | BF5: GEEK | BG5: =SUMPRODUCT(($C$14:$C$22=$BF5)*($D$14:$D$22>$E$14:$E$22))+SUMPRODUCT(($F$14:$F$22=$BF5)*($E$14:$E$22>$D$14:$D$22))+SUMPRODUCT(($I$14:$I$22=$BF5)*($J$14:$J$22>$K$14:$K$22))+SUMPRODUCT(($L$14:$L$22=$BF5)*($K$14:$K$22>$J$14:$J$22))+SUMPRODUCT(($O$14:$O$22=$BF5)*($P$14:$P$22>$Q$14:$Q$22))+SUMPRODUCT(($R$14:$R$22=$BF5)*($Q$14:$Q$22>$P$14:$P$22))+SUMPRODUCT(($C$25:$C$33=$BF5)*($D$25:$D$33>$E$25:$E$33))+SUMPRODUCT(($F$25:$F$33=$BF5)*($E$25:$E$33>$D$25:$D$33))+SUMPRODUCT(($I$25:$I$33=$BF5)*($J$25:$J$33>$K$25:$K$33))+SUMPRODUCT(($L$25:$L$33=$BF5)*($K$25:$K$33>$J$25:$J$33))+SUMPRODUCT(($O$25:$O$33=$BF5)*($P$25:$P$33>$Q$25:$Q$33))+SUMPRODUCT(($R$25:$R$33=$BF5)*($Q$25:$Q$33>$P$25:$P$33))+SUMPRODUCT(($C$36:$C$44=$BF5)*($D$36:$D$44>$E$36:$E$44))+SUMPRODUCT(($F$36:$F$44=$BF5)*($E$36:$E$44>$D$36:$D$44))+SUMPRODUCT(($I$36:$I$44=$BF5)*($J$36:$J$44>$K$36:$K$44))+SUMPRODUCT(($L$36:$L$44=$BF5)*($K$36:$K$44>$J$36:$J$44))+SUMPRODUCT(($O$36:$O$44=$BF5)*($P$36:$P$44>$Q$36:$Q$44))+SUMPRODUCT(($R$36:$R$44=$BF5)*($Q$36:$Q$44>$P$36:$P$44)) -> 3 | BH5: =SUMPRODUCT(($C$14:$C$22=$BF5)*($D$14:$D$22-$E$14:$E$22))+SUMPRODUCT(($F$14:$F$22=$BF5)*($E$14:$E$22-$D$14:$D$22))+SUMPRODUCT(($I$14:$I$22=$BF5)*($J$14:$J$22-$K$14:$K$22))+SUMPRODUCT(($L$14:$L$22=$BF5)*($K$14:$K$22-$J$14:$J$22))+SUMPRODUCT(($O$14:$O$22=$BF5)*($P$14:$P$22-$Q$14:$Q$22))+SUMPRODUCT(($R$14:$R$22=$BF5)*($Q$14:$Q$22-$P$14:$P$22))+SUMPRODUCT(($C$25:$C$33=$BF5)*($D$25:$D$33-$E$25:$E$33))+SUMPRODUCT(($F$25:$F$33=$BF5)*($E$25:$E$33-$D$25:$D$33))+SUMPRODUCT(($I$25:$I$33=$BF5)*($J$25:$J$33-$K$25:$K$33))+SUMPRODUCT(($L$25:$L$33=$BF5)*($K$25:$K$33-$J$25:$J$33))+SUMPRODUCT(($O$25:$O$33=$BF5)*($P$25:$P$33-$Q$25:$Q$33))+SUMPRODUCT(($R$25:$R$33=$BF5)*($Q$25:$Q$33-$P$25:$P$33))+SUMPRODUCT(($C$36:$C$44=$BF5)*($D$36:$D$44-$E$36:$E$44))+SUMPRODUCT(($F$36:$F$44=$BF5)*($E$36:$E$44-$D$36:$D$44))+SUMPRODUCT(($I$36:$I$44=$BF5)*($J$36:$J$44-$K$36:$K$44))+SUMPRODUCT(($L$36:$L$44=$BF5)*($K$36:$K$44-$J$36:$J$44))+SUMPRODUCT(($O$36:$O$44=$BF5)*($P$36:$P$44-$Q$36:$Q$44))+SUMPRODUCT(($R$36:$R$44=$BF5)*($Q$36:$Q$44-$P$36:$P$44))+SUMPRODUCT(($C$47:$C$55=$BF5)*($D$47:$D$55-$E$47:$E$55))+SUMPRODUCT(($F$47:$F$55=$BF5)*($E$47:$E$55-$D$47:$D$55)) -> -12 | BI5: =IF(COUNTIFS($BG$1:$BG$9,BG5,$BH$1:$BH$9,BH5)<=1,0,SUMPRODUCT(INDEX($BG$13:$BO$21,MATCH(BF5,$BF$13:$BF$21,0),0)*TRANSPOSE(($BG$1:$BG$9=BG5)*($BH$1:$BH$9=BH5)))) -> 3 | BJ5: =1+SUMPRODUCT(--($BG$1:$BG$9>BG5))+SUMPRODUCT(--($BG$1:$BG$9=BG5),--($BH$1:$BH$9>BH5))+SUMPRODUCT(--($BG$1:$BG$9=BG5),--($BH$1:$BH$9=BH5),--($BI$1:$BI$9>BI5))+SUMPRODUCT(--($BG$1:$BG$9=BG5),--($BH$1:$BH$9=BH5),--($BI$1:$BI$9=BI5),--($BF$1:$BF$9<BF5)) -> 8 | BK5: =COUNTIFS($C$14:$C$22,$BF5,$D$14:$D$22,"")+COUNTIFS($F$14:$F$22,$BF5,$E$14:$E$22,"")+COUNTIFS($I$14:$I$22,$BF5,$J$14:$J$22,"")+COUNTIFS($L$14:$L$22,$BF5,$K$14:$K$22,"")+COUNTIFS($O$14:$O$22,$BF5,$P$14:$P$22,"")+COUNTIFS($R$14:$R$22,$BF5,$Q$14:$Q$22,"")+COUNTIFS($C$25:$C$33,$BF5,$D$25:$D$33,"")+COUNTIFS($F$25:$F$33,$BF5,$E$25:$E$33,"")+COUNTIFS($I$25:$I$33,$BF5,$J$25:$J$33,"")+COUNTIFS($L$25:$L$33,$BF5,$K$25:$K$33,"")+COUNTIFS($O$25:$O$33,$BF5,$P$25:$P$33,"")+COUNTIFS($R$25:$R$33,$BF5,$Q$25:$Q$33,"")+COUNTIFS($C$36:$C$44,$BF5,$D$36:$D$44,"")+COUNTIFS($F$36:$F$44,$BF5,$E$36:$E$44,"")+COUNTIFS($I$36:$I$44,$BF5,$J$36:$J$44,"")+COUNTIFS($L$36:$L$44,$BF5,$K$36:$K$44,"")+COUNTIFS($O$36:$O$44,$BF5,$P$36:$P$44,"")+COUNTIFS($R$36:$R$44,$BF5,$Q$36:$Q$44,"") -> 3 | BL5: =BG5+BK5 -> 6 | BM5: =IF(BJ5<=2, "Qualified", IF(BK5=0, IF(BG5>=INDEX($BG$1:$BG$9, 6), "Qualified", "Eliminated"), IF(BL5<INDEX($BG$1:$BG$9, MATCH(6, $BG$1:$BG$9, 0)), "Eliminated", IF(BG5>_xlfn.AGGREGATE(14, 6, ($BG$1:$BG$9+$BK$1:$BK$9)/($BG$1:$BG$9<INDEX($BG$1:$BG$9, 6)), 1), "Qualified", "Chance")))) -> #N/A
A6: 4 | B6: =INDEX($BF$1:$BF$9,MATCH(ROW()-2,$BJ$1:$BJ$9,0)) -> EVOS | C6: =SUMPRODUCT(($C$14:$C$22=$B6)*ISNUMBER($D$14:$D$22)*ISNUMBER($E$14:$E$22)*($D$14:$D$22>$E$14:$E$22))+SUMPRODUCT(($F$14:$F$22=$B6)*ISNUMBER($D$14:$D$22)*ISNUMBER($E$14:$E$22)*($E$14:$E$22>$D$14:$D$22))+SUMPRODUCT(($I$14:$I$22=$B6)*ISNUMBER($J$14:$J$22)*ISNUMBER($K$14:$K$22)*($J$14:$J$22>$K$14:$K$22))+SUMPRODUCT(($L$14:$L$22=$B6)*ISNUMBER($J$14:$J$22)*ISNUMBER($K$14:$K$22)*($K$14:$K$22>$J$14:$J$22))+SUMPRODUCT(($O$14:$O$22=$B6)*ISNUMBER($P$14:$P$22)*ISNUMBER($Q$14:$Q$22)*($P$14:$P$22>$Q$14:$Q$22))+SUMPRODUCT(($R$14:$R$22=$B6)*ISNUMBER($P$14:$P$22)*ISNUMBER($Q$14:$Q$22)*($Q$14:$Q$22>$P$14:$P$22))+SUMPRODUCT(($C$25:$C$33=$B6)*ISNUMBER($D$25:$D$33)*ISNUMBER($E$25:$E$33)*($D$25:$D$33>$E$25:$E$33))+SUMPRODUCT(($F$25:$F$33=$B6)*ISNUMBER($D$25:$D$33)*ISNUMBER($E$25:$E$33)*($E$25:$E$33>$D$25:$D$33))+SUMPRODUCT(($I$25:$I$33=$B6)*ISNUMBER($J$25:$J$33)*ISNUMBER($K$25:$K$33)*($J$25:$J$33>$K$25:$K$33))+SUMPRODUCT(($L$25:$L$33=$B6)*ISNUMBER($J$25:$J$33)*ISNUMBER($K$25:$K$33)*($K$25:$K$33>$J$25:$J$33))+SUMPRODUCT(($O$25:$O$33=$B6)*ISNUMBER($P$25:$P$33)*ISNUMBER($Q$25:$Q$33)*($P$25:$P$33>$Q$25:$Q$33))+SUMPRODUCT(($R$25:$R$33=$B6)*ISNUMBER($P$25:$P$33)*ISNUMBER($Q$25:$Q$33)*($Q$25:$Q$33>$P$25:$P$33))+SUMPRODUCT(($C$36:$C$44=$B6)*ISNUMBER($D$36:$D$44)*ISNUMBER($E$36:$E$44)*($D$36:$D$44>$E$36:$E$44))+SUMPRODUCT(($F$36:$F$44=$B6)*ISNUMBER($D$36:$D$44)*ISNUMBER($E$36:$E$44)*($E$36:$E$44>$D$36:$D$44))+SUMPRODUCT(($I$36:$I$44=$B6)*ISNUMBER($J$36:$J$44)*ISNUMBER($K$36:$K$44)*($J$36:$J$44>$K$36:$K$44))+SUMPRODUCT(($L$36:$L$44=$B6)*ISNUMBER($J$36:$J$44)*ISNUMBER($K$36:$K$44)*($K$36:$K$44>$J$36:$J$44))+SUMPRODUCT(($O$36:$O$44=$B6)*ISNUMBER($P$36:$P$44)*ISNUMBER($Q$36:$Q$44)*($P$36:$P$44>$Q$36:$Q$44))+SUMPRODUCT(($R$36:$R$44=$B6)*ISNUMBER($P$36:$P$44)*ISNUMBER($Q$36:$Q$44)*($Q$36:$Q$44>$P$36:$P$44)) -> 7 | D6: =SUMPRODUCT(($C$14:$C$22=$B6)*ISNUMBER($D$14:$D$22)*ISNUMBER($E$14:$E$22)*($D$14:$D$22<$E$14:$E$22))+SUMPRODUCT(($F$14:$F$22=$B6)*ISNUMBER($D$14:$D$22)*ISNUMBER($E$14:$E$22)*($E$14:$E$22<$D$14:$D$22))+SUMPRODUCT(($I$14:$I$22=$B6)*ISNUMBER($J$14:$J$22)*ISNUMBER($K$14:$K$22)*($J$14:$J$22<$K$14:$K$22))+SUMPRODUCT(($L$14:$L$22=$B6)*ISNUMBER($J$14:$J$22)*ISNUMBER($K$14:$K$22)*($K$14:$K$22<$J$14:$J$22))+SUMPRODUCT(($O$14:$O$22=$B6)*ISNUMBER($P$14:$P$22)*ISNUMBER($Q$14:$Q$22)*($P$14:$P$22<$Q$14:$Q$22))+SUMPRODUCT(($R$14:$R$22=$B6)*ISNUMBER($P$14:$P$22)*ISNUMBER($Q$14:$Q$22)*($Q$14:$Q$22<$P$14:$P$22))+SUMPRODUCT(($C$25:$C$33=$B6)*ISNUMBER($D$25:$D$33)*ISNUMBER($E$25:$E$33)*($D$25:$D$33<$E$25:$E$33))+SUMPRODUCT(($F$25:$F$33=$B6)*ISNUMBER($D$25:$D$33)*ISNUMBER($E$25:$E$33)*($E$25:$E$33<$D$25:$D$33))+SUMPRODUCT(($I$25:$I$33=$B6)*ISNUMBER($J$25:$J$33)*ISNUMBER($K$25:$K$33)*($J$25:$J$33<$K$25:$K$33))+SUMPRODUCT(($L$25:$L$33=$B6)*ISNUMBER($J$25:$J$33)*ISNUMBER($K$25:$K$33)*($K$25:$K$33<$J$25:$K$33))+SUMPRODUCT(($O$25:$O$33=$B6)*ISNUMBER($P$25:$P$33)*ISNUMBER($Q$25:$Q$33)*($P$25:$P$33<$Q$25:$Q$33))+SUMPRODUCT(($R$25:$R$33=$B6)*ISNUMBER($P$25:$P$33)*ISNUMBER($Q$25:$Q$33)*($Q$25:$Q$33<$P$25:$P$33))+SUMPRODUCT(($C$36:$C$44=$B6)*ISNUMBER($D$36:$D$44)*ISNUMBER($E$36:$E$44)*($D$36:$D$44<$E$36:$E$44))+SUMPRODUCT(($F$36:$F$44=$B6)*ISNUMBER($D$36:$D$44)*ISNUMBER($E$36:$E$44)*($E$36:$E$44<$D$36:$D$44))+SUMPRODUCT(($I$36:$I$44=$B6)*ISNUMBER($J$36:$J$44)*ISNUMBER($K$36:$K$44)*($J$36:$J$44<$K$36:$K$44))+SUMPRODUCT(($L$36:$L$44=$B6)*ISNUMBER($J$36:$J$44)*ISNUMBER($K$36:$K$44)*($K$36:$K$44<$J$36:$J$44))+SUMPRODUCT(($O$36:$O$44=$B6)*ISNUMBER($P$36:$P$44)*ISNUMBER($Q$36:$Q$44)*($P$36:$P$44<$Q$36:$Q$44))+SUMPRODUCT(($R$36:$R$44=$B6)*ISNUMBER($P$36:$P$44)*ISNUMBER($Q$36:$Q$44)*($Q$36:$Q$44<$P$36:$P$44)) -> 6 | E6: =SUMIF($C$14:$C$22,$B6,$D$14:$D$22)+SUMIF($F$14:$F$22,$B6,$E$14:$E$22)+SUMIF($I$14:$I$22,$B6,$J$14:$J$22)+SUMIF($L$14:$L$22,$B6,$K$14:$K$22)+SUMIF($O$14:$O$22,$B6,$P$14:$P$22)+SUMIF($R$14:$R$22,$B6,$Q$14:$Q$22)+SUMIF($C$25:$C$33,$B6,$D$25:$D$33)+SUMIF($F$25:$F$33,$B6,$E$25:$E$33)+SUMIF($I$25:$I$33,$B6,$J$25:$J$33)+SUMIF($L$25:$L$33,$B6,$K$25:$K$33)+SUMIF($O$25:$O$33,$B6,$P$25:$P$33)+SUMIF($R$25:$R$33,$B6,$Q$25:$Q$33)+SUMIF($C$36:$C$44,$B6,$D$36:$D$44)+SUMIF($F$36:$F$44,$B6,$E$36:$E$44)+SUMIF($I$36:$I$44,$B6,$J$36:$J$44)+SUMIF($L$36:$L$44,$B6,$K$36:$K$44)+SUMIF($O$36:$O$44,$B6,$P$36:$P$44)+SUMIF($R$36:$R$44,$B6,$Q$36:$Q$44)+SUMIF($C$47:$C$55,$B4,$D$47:$D$55)+SUMIF($F$47:$F$55,$B4,$E$47:$E$55) -> 16 | F6: =SUMIF($C$14:$C$22,$B6,$E$14:$E$22)+SUMIF($F$14:$F$22,$B6,$D$14:$D$22)+SUMIF($I$14:$I$22,$B6,$K$14:$K$22)+SUMIF($L$14:$L$22,$B6,$J$14:$J$22)+SUMIF($O$14:$O$22,$B6,$Q$14:$Q$22)+SUMIF($R$14:$R$22,$B6,$P$14:$P$22)+SUMIF($C$25:$C$33,$B6,$E$25:$E$33)+SUMIF($F$25:$F$33,$B6,$D$25:$D$33)+SUMIF($I$25:$I$33,$B6,$K$25:$K$33)+SUMIF($L$25:$L$33,$B6,$J$25:$J$33)+SUMIF($O$25:$O$33,$B6,$Q$25:$Q$33)+SUMIF($R$25:$R$33,$B6,$P$25:$P$33)+SUMIF($C$36:$C$44,$B6,$E$36:$E$44)+SUMIF($F$36:$F$44,$B6,$D$36:$D$44)+SUMIF($I$36:$I$44,$B6,$K$36:$K$44)+SUMIF($L$36:$L$44,$B6,$J$36:$J$44)+SUMIF($O$36:$O$44,$B6,$Q$36:$Q$44)+SUMIF($R$36:$R$44,$B6,$P$36:$P$44)+SUMIF($C$47:$C$55,$B6,$E$47:$E$55)+SUMIF($F$47:$F$55,$B6,$D$47:$D$55) -> 16 | G6: =E6-F6 -> 0 | H6: =F64 -> Chance | BF6: NAVI | BG6: =SUMPRODUCT(($C$14:$C$22=$BF6)*($D$14:$D$22>$E$14:$E$22))+SUMPRODUCT(($F$14:$F$22=$BF6)*($E$14:$E$22>$D$14:$D$22))+SUMPRODUCT(($I$14:$I$22=$BF6)*($J$14:$J$22>$K$14:$K$22))+SUMPRODUCT(($L$14:$L$22=$BF6)*($K$14:$K$22>$J$14:$J$22))+SUMPRODUCT(($O$14:$O$22=$BF6)*($P$14:$P$22>$Q$14:$Q$22))+SUMPRODUCT(($R$14:$R$22=$BF6)*($Q$14:$Q$22>$P$14:$P$22))+SUMPRODUCT(($C$25:$C$33=$BF6)*($D$25:$D$33>$E$25:$E$33))+SUMPRODUCT(($F$25:$F$33=$BF6)*($E$25:$E$33>$D$25:$D$33))+SUMPRODUCT(($I$25:$I$33=$BF6)*($J$25:$J$33>$K$25:$K$33))+SUMPRODUCT(($L$25:$L$33=$BF6)*($K$25:$K$33>$J$25:$J$33))+SUMPRODUCT(($O$25:$O$33=$BF6)*($P$25:$P$33>$Q$25:$Q$33))+SUMPRODUCT(($R$25:$R$33=$BF6)*($Q$25:$Q$33>$P$25:$P$33))+SUMPRODUCT(($C$36:$C$44=$BF6)*($D$36:$D$44>$E$36:$E$44))+SUMPRODUCT(($F$36:$F$44=$BF6)*($E$36:$E$44>$D$36:$D$44))+SUMPRODUCT(($I$36:$I$44=$BF6)*($J$36:$J$44>$K$36:$K$44))+SUMPRODUCT(($L$36:$L$44=$BF6)*($K$36:$K$44>$J$36:$J$44))+SUMPRODUCT(($O$36:$O$44=$BF6)*($P$36:$P$44>$Q$36:$Q$44))+SUMPRODUCT(($R$36:$R$44=$BF6)*($Q$36:$Q$44>$P$36:$P$44)) -> 11 | BH6: =SUMPRODUCT(($C$14:$C$22=$BF6)*($D$14:$D$22-$E$14:$E$22))+SUMPRODUCT(($F$14:$F$22=$BF6)*($E$14:$E$22-$D$14:$D$22))+SUMPRODUCT(($I$14:$I$22=$BF6)*($J$14:$J$22-$K$14:$K$22))+SUMPRODUCT(($L$14:$L$22=$BF6)*($K$14:$K$22-$J$14:$J$22))+SUMPRODUCT(($O$14:$O$22=$BF6)*($P$14:$P$22-$Q$14:$Q$22))+SUMPRODUCT(($R$14:$R$22=$BF6)*($Q$14:$Q$22-$P$14:$P$22))+SUMPRODUCT(($C$25:$C$33=$BF6)*($D$25:$D$33-$E$25:$E$33))+SUMPRODUCT(($F$25:$F$33=$BF6)*($E$25:$E$33-$D$25:$D$33))+SUMPRODUCT(($I$25:$I$33=$BF6)*($J$25:$J$33-$K$25:$K$33))+SUMPRODUCT(($L$25:$L$33=$BF6)*($K$25:$K$33-$J$25:$J$33))+SUMPRODUCT(($O$25:$O$33=$BF6)*($P$25:$P$33-$Q$25:$Q$33))+SUMPRODUCT(($R$25:$R$33=$BF6)*($Q$25:$Q$33-$P$25:$P$33))+SUMPRODUCT(($C$36:$C$44=$BF6)*($D$36:$D$44-$E$36:$E$44))+SUMPRODUCT(($F$36:$F$44=$BF6)*($E$36:$E$44-$D$36:$D$44))+SUMPRODUCT(($I$36:$I$44=$BF6)*($J$36:$J$44-$K$36:$K$44))+SUMPRODUCT(($L$36:$L$44=$BF6)*($K$36:$K$44-$J$36:$J$44))+SUMPRODUCT(($O$36:$O$44=$BF6)*($P$36:$P$44-$Q$36:$Q$44))+SUMPRODUCT(($R$36:$R$44=$BF6)*($Q$36:$Q$44-$P$36:$P$44))+SUMPRODUCT(($C$47:$C$55=$BF6)*($D$47:$D$55-$E$47:$E$55))+SUMPRODUCT(($F$47:$F$55=$BF6)*($E$47:$E$55-$D$47:$D$55)) -> 14 | BI6: =IF(COUNTIFS($BG$1:$BG$9,BG6,$BH$1:$BH$9,BH6)<=1,0,SUMPRODUCT(INDEX($BG$13:$BO$21,MATCH(BF6,$BF$13:$BF$21,0),0)*TRANSPOSE(($BG$1:$BG$9=BG6)*($BH$1:$BH$9=BH6)))) -> 0 | BJ6: =1+SUMPRODUCT(--($BG$1:$BG$9>BG6))+SUMPRODUCT(--($BG$1:$BG$9=BG6),--($BH$1:$BH$9>BH6))+SUMPRODUCT(--($BG$1:$BG$9=BG6),--($BH$1:$BH$9=BH6),--($BI$1:$BI$9>BI6))+SUMPRODUCT(--($BG$1:$BG$9=BG6),--($BH$1:$BH$9=BH6),--($BI$1:$BI$9=BI6),--($BF$1:$BF$9<BF6)) -> 1 | BK6: =COUNTIFS($C$14:$C$22,$BF6,$D$14:$D$22,"")+COUNTIFS($F$14:$F$22,$BF6,$E$14:$E$22,"")+COUNTIFS($I$14:$I$22,$BF6,$J$14:$J$22,"")+COUNTIFS($L$14:$L$22,$BF6,$K$14:$K$22,"")+COUNTIFS($O$14:$O$22,$BF6,$P$14:$P$22,"")+COUNTIFS($R$14:$R$22,$BF6,$Q$14:$Q$22,"")+COUNTIFS($C$25:$C$33,$BF6,$D$25:$D$33,"")+COUNTIFS($F$25:$F$33,$BF6,$E$25:$E$33,"")+COUNTIFS($I$25:$I$33,$BF6,$J$25:$J$33,"")+COUNTIFS($L$25:$L$33,$BF6,$K$25:$K$33,"")+COUNTIFS($O$25:$O$33,$BF6,$P$25:$P$33,"")+COUNTIFS($R$25:$R$33,$BF6,$Q$25:$Q$33,"")+COUNTIFS($C$36:$C$44,$BF6,$D$36:$D$44,"")+COUNTIFS($F$36:$F$44,$BF6,$E$36:$E$44,"")+COUNTIFS($I$36:$I$44,$BF6,$J$36:$J$44,"")+COUNTIFS($L$36:$L$44,$BF6,$K$36:$K$44,"")+COUNTIFS($O$36:$O$44,$BF6,$P$36:$P$44,"")+COUNTIFS($R$36:$R$44,$BF6,$Q$36:$Q$44,"") -> 2 | BL6: =BG6+BK6 -> 13 | BM6: =IF(BJ6<=2, "Qualified", IF(BK6=0, IF(BG6>=INDEX($BG$1:$BG$9, 6), "Qualified", "Eliminated"), IF(BL6<INDEX($BG$1:$BG$9, MATCH(6, $BG$1:$BG$9, 0)), "Eliminated", IF(BG6>_xlfn.AGGREGATE(14, 6, ($BG$1:$BG$9+$BK$1:$BK$9)/($BG$1:$BG$9<INDEX($BG$1:$BG$9, 6)), 1), "Qualified", "Chance")))) -> Qualified
A7: 5 | B7: =INDEX($BF$1:$BF$9,MATCH(ROW()-2,$BJ$1:$BJ$9,0)) -> BTR by VIT | C7: =SUMPRODUCT(($C$14:$C$22=$B7)*ISNUMBER($D$14:$D$22)*ISNUMBER($E$14:$E$22)*($D$14:$D$22>$E$14:$E$22))+SUMPRODUCT(($F$14:$F$22=$B7)*ISNUMBER($D$14:$D$22)*ISNUMBER($E$14:$E$22)*($E$14:$E$22>$D$14:$D$22))+SUMPRODUCT(($I$14:$I$22=$B7)*ISNUMBER($J$14:$J$22)*ISNUMBER($K$14:$K$22)*($J$14:$J$22>$K$14:$K$22))+SUMPRODUCT(($L$14:$L$22=$B7)*ISNUMBER($J$14:$J$22)*ISNUMBER($K$14:$K$22)*($K$14:$K$22>$J$14:$J$22))+SUMPRODUCT(($O$14:$O$22=$B7)*ISNUMBER($P$14:$P$22)*ISNUMBER($Q$14:$Q$22)*($P$14:$P$22>$Q$14:$Q$22))+SUMPRODUCT(($R$14:$R$22=$B7)*ISNUMBER($P$14:$P$22)*ISNUMBER($Q$14:$Q$22)*($Q$14:$Q$22>$P$14:$P$22))+SUMPRODUCT(($C$25:$C$33=$B7)*ISNUMBER($D$25:$D$33)*ISNUMBER($E$25:$E$33)*($D$25:$D$33>$E$25:$E$33))+SUMPRODUCT(($F$25:$F$33=$B7)*ISNUMBER($D$25:$D$33)*ISNUMBER($E$25:$E$33)*($E$25:$E$33>$D$25:$D$33))+SUMPRODUCT(($I$25:$I$33=$B7)*ISNUMBER($J$25:$J$33)*ISNUMBER($K$25:$K$33)*($J$25:$J$33>$K$25:$K$33))+SUMPRODUCT(($L$25:$L$33=$B7)*ISNUMBER($J$25:$J$33)*ISNUMBER($K$25:$K$33)*($K$25:$K$33>$J$25:$J$33))+SUMPRODUCT(($O$25:$O$33=$B7)*ISNUMBER($P$25:$P$33)*ISNUMBER($Q$25:$Q$33)*($P$25:$P$33>$Q$25:$Q$33))+SUMPRODUCT(($R$25:$R$33=$B7)*ISNUMBER($P$25:$P$33)*ISNUMBER($Q$25:$Q$33)*($Q$25:$Q$33>$P$25:$P$33))+SUMPRODUCT(($C$36:$C$44=$B7)*ISNUMBER($D$36:$D$44)*ISNUMBER($E$36:$E$44)*($D$36:$D$44>$E$36:$E$44))+SUMPRODUCT(($F$36:$F$44=$B7)*ISNUMBER($D$36:$D$44)*ISNUMBER($E$36:$E$44)*($E$36:$E$44>$D$36:$D$44))+SUMPRODUCT(($I$36:$I$44=$B7)*ISNUMBER($J$36:$J$44)*ISNUMBER($K$36:$K$44)*($J$36:$J$44>$K$36:$K$44))+SUMPRODUCT(($L$36:$L$44=$B7)*ISNUMBER($J$36:$J$44)*ISNUMBER($K$36:$K$44)*($K$36:$K$44>$J$36:$J$44))+SUMPRODUCT(($O$36:$O$44=$B7)*ISNUMBER($P$36:$P$44)*ISNUMBER($Q$36:$Q$44)*($P$36:$P$44>$Q$36:$Q$44))+SUMPRODUCT(($R$36:$R$44=$B7)*ISNUMBER($P$36:$P$44)*ISNUMBER($Q$36:$Q$44)*($Q$36:$Q$44>$P$36:$P$44)) -> 7 | D7: =SUMPRODUCT(($C$14:$C$22=$B7)*ISNUMBER($D$14:$D$22)*ISNUMBER($E$14:$E$22)*($D$14:$D$22<$E$14:$E$22))+SUMPRODUCT(($F$14:$F$22=$B7)*ISNUMBER($D$14:$D$22)*ISNUMBER($E$14:$E$22)*($E$14:$E$22<$D$14:$D$22))+SUMPRODUCT(($I$14:$I$22=$B7)*ISNUMBER($J$14:$J$22)*ISNUMBER($K$14:$K$22)*($J$14:$J$22<$K$14:$K$22))+SUMPRODUCT(($L$14:$L$22=$B7)*ISNUMBER($J$14:$J$22)*ISNUMBER($K$14:$K$22)*($K$14:$K$22<$J$14:$J$22))+SUMPRODUCT(($O$14:$O$22=$B7)*ISNUMBER($P$14:$P$22)*ISNUMBER($Q$14:$Q$22)*($P$14:$P$22<$Q$14:$Q$22))+SUMPRODUCT(($R$14:$R$22=$B7)*ISNUMBER($P$14:$P$22)*ISNUMBER($Q$14:$Q$22)*($Q$14:$Q$22<$P$14:$P$22))+SUMPRODUCT(($C$25:$C$33=$B7)*ISNUMBER($D$25:$D$33)*ISNUMBER($E$25:$E$33)*($D$25:$D$33<$E$25:$E$33))+SUMPRODUCT(($F$25:$F$33=$B7)*ISNUMBER($D$25:$D$33)*ISNUMBER($E$25:$E$33)*($E$25:$E$33<$D$25:$D$33))+SUMPRODUCT(($I$25:$I$33=$B7)*ISNUMBER($J$25:$J$33)*ISNUMBER($K$25:$K$33)*($J$25:$J$33<$K$25:$K$33))+SUMPRODUCT(($L$25:$L$33=$B7)*ISNUMBER($J$25:$J$33)*ISNUMBER($K$25:$K$33)*($K$25:$K$33<$J$25:$K$33))+SUMPRODUCT(($O$25:$O$33=$B7)*ISNUMBER($P$25:$P$33)*ISNUMBER($Q$25:$Q$33)*($P$25:$P$33<$Q$25:$Q$33))+SUMPRODUCT(($R$25:$R$33=$B7)*ISNUMBER($P$25:$P$33)*ISNUMBER($Q$25:$Q$33)*($Q$25:$Q$33<$P$25:$P$33))+SUMPRODUCT(($C$36:$C$44=$B7)*ISNUMBER($D$36:$D$44)*ISNUMBER($E$36:$E$44)*($D$36:$D$44<$E$36:$E$44))+SUMPRODUCT(($F$36:$F$44=$B7)*ISNUMBER($D$36:$D$44)*ISNUMBER($E$36:$E$44)*($E$36:$E$44<$D$36:$D$44))+SUMPRODUCT(($I$36:$I$44=$B7)*ISNUMBER($J$36:$J$44)*ISNUMBER($K$36:$K$44)*($J$36:$J$44<$K$36:$K$44))+SUMPRODUCT(($L$36:$L$44=$B7)*ISNUMBER($J$36:$J$44)*ISNUMBER($K$36:$K$44)*($K$36:$K$44<$J$36:$J$44))+SUMPRODUCT(($O$36:$O$44=$B7)*ISNUMBER($P$36:$P$44)*ISNUMBER($Q$36:$Q$44)*($P$36:$P$44<$Q$36:$Q$44))+SUMPRODUCT(($R$36:$R$44=$B7)*ISNUMBER($P$36:$P$44)*ISNUMBER($Q$36:$Q$44)*($Q$36:$Q$44<$P$36:$P$44)) -> 6 | E7: =SUMIF($C$14:$C$22,$B7,$D$14:$D$22)+SUMIF($F$14:$F$22,$B7,$E$14:$E$22)+SUMIF($I$14:$I$22,$B7,$J$14:$J$22)+SUMIF($L$14:$L$22,$B7,$K$14:$K$22)+SUMIF($O$14:$O$22,$B7,$P$14:$P$22)+SUMIF($R$14:$R$22,$B7,$Q$14:$Q$22)+SUMIF($C$25:$C$33,$B7,$D$25:$D$33)+SUMIF($F$25:$F$33,$B7,$E$25:$E$33)+SUMIF($I$25:$I$33,$B7,$J$25:$J$33)+SUMIF($L$25:$L$33,$B7,$K$25:$K$33)+SUMIF($O$25:$O$33,$B7,$P$25:$P$33)+SUMIF($R$25:$R$33,$B7,$Q$25:$Q$33)+SUMIF($C$36:$C$44,$B7,$D$36:$D$44)+SUMIF($F$36:$F$44,$B7,$E$36:$E$44)+SUMIF($I$36:$I$44,$B7,$J$36:$J$44)+SUMIF($L$36:$L$44,$B7,$K$36:$K$44)+SUMIF($O$36:$O$44,$B7,$P$36:$P$44)+SUMIF($R$36:$R$44,$B7,$Q$36:$Q$44)+SUMIF($C$47:$C$55,$B5,$D$47:$D$55)+SUMIF($F$47:$F$55,$B5,$E$47:$E$55) -> 15 | F7: =SUMIF($C$14:$C$22,$B7,$E$14:$E$22)+SUMIF($F$14:$F$22,$B7,$D$14:$D$22)+SUMIF($I$14:$I$22,$B7,$K$14:$K$22)+SUMIF($L$14:$L$22,$B7,$J$14:$J$22)+SUMIF($O$14:$O$22,$B7,$Q$14:$Q$22)+SUMIF($R$14:$R$22,$B7,$P$14:$P$22)+SUMIF($C$25:$C$33,$B7,$E$25:$E$33)+SUMIF($F$25:$F$33,$B7,$D$25:$D$33)+SUMIF($I$25:$I$33,$B7,$K$25:$K$33)+SUMIF($L$25:$L$33,$B7,$J$25:$J$33)+SUMIF($O$25:$O$33,$B7,$Q$25:$Q$33)+SUMIF($R$25:$R$33,$B7,$P$25:$P$33)+SUMIF($C$36:$C$44,$B7,$E$36:$E$44)+SUMIF($F$36:$F$44,$B7,$D$36:$D$44)+SUMIF($I$36:$I$44,$B7,$K$36:$K$44)+SUMIF($L$36:$L$44,$B7,$J$36:$J$44)+SUMIF($O$36:$O$44,$B7,$Q$36:$Q$44)+SUMIF($R$36:$R$44,$B7,$P$36:$P$44)+SUMIF($C$47:$C$55,$B7,$E$47:$E$55)+SUMIF($F$47:$F$55,$B7,$D$47:$D$55) -> 17 | G7: =E7-F7 -> -2 | H7: =F65 -> Chance | BF7: ONIC | BG7: =SUMPRODUCT(($C$14:$C$22=$BF7)*($D$14:$D$22>$E$14:$E$22))+SUMPRODUCT(($F$14:$F$22=$BF7)*($E$14:$E$22>$D$14:$D$22))+SUMPRODUCT(($I$14:$I$22=$BF7)*($J$14:$J$22>$K$14:$K$22))+SUMPRODUCT(($L$14:$L$22=$BF7)*($K$14:$K$22>$J$14:$J$22))+SUMPRODUCT(($O$14:$O$22=$BF7)*($P$14:$P$22>$Q$14:$Q$22))+SUMPRODUCT(($R$14:$R$22=$BF7)*($Q$14:$Q$22>$P$14:$P$22))+SUMPRODUCT(($C$25:$C$33=$BF7)*($D$25:$D$33>$E$25:$E$33))+SUMPRODUCT(($F$25:$F$33=$BF7)*($E$25:$E$33>$D$25:$D$33))+SUMPRODUCT(($I$25:$I$33=$BF7)*($J$25:$J$33>$K$25:$K$33))+SUMPRODUCT(($L$25:$L$33=$BF7)*($K$25:$K$33>$J$25:$J$33))+SUMPRODUCT(($O$25:$O$33=$BF7)*($P$25:$P$33>$Q$25:$Q$33))+SUMPRODUCT(($R$25:$R$33=$BF7)*($Q$25:$Q$33>$P$25:$P$33))+SUMPRODUCT(($C$36:$C$44=$BF7)*($D$36:$D$44>$E$36:$E$44))+SUMPRODUCT(($F$36:$F$44=$BF7)*($E$36:$E$44>$D$36:$D$44))+SUMPRODUCT(($I$36:$I$44=$BF7)*($J$36:$J$44>$K$36:$K$44))+SUMPRODUCT(($L$36:$L$44=$BF7)*($K$36:$K$44>$J$36:$J$44))+SUMPRODUCT(($O$36:$O$44=$BF7)*($P$36:$P$44>$Q$36:$Q$44))+SUMPRODUCT(($R$36:$R$44=$BF7)*($Q$36:$Q$44>$P$36:$P$44)) -> 5 | BH7: =SUMPRODUCT(($C$14:$C$22=$BF7)*($D$14:$D$22-$E$14:$E$22))+SUMPRODUCT(($F$14:$F$22=$BF7)*($E$14:$E$22-$D$14:$D$22))+SUMPRODUCT(($I$14:$I$22=$BF7)*($J$14:$J$22-$K$14:$K$22))+SUMPRODUCT(($L$14:$L$22=$BF7)*($K$14:$K$22-$J$14:$J$22))+SUMPRODUCT(($O$14:$O$22=$BF7)*($P$14:$P$22-$Q$14:$Q$22))+SUMPRODUCT(($R$14:$R$22=$BF7)*($Q$14:$Q$22-$P$14:$P$22))+SUMPRODUCT(($C$25:$C$33=$BF7)*($D$25:$D$33-$E$25:$E$33))+SUMPRODUCT(($F$25:$F$33=$BF7)*($E$25:$E$33-$D$25:$D$33))+SUMPRODUCT(($I$25:$I$33=$BF7)*($J$25:$J$33-$K$25:$K$33))+SUMPRODUCT(($L$25:$L$33=$BF7)*($K$25:$K$33-$J$25:$J$33))+SUMPRODUCT(($O$25:$O$33=$BF7)*($P$25:$P$33-$Q$25:$Q$33))+SUMPRODUCT(($R$25:$R$33=$BF7)*($Q$25:$Q$33-$P$25:$P$33))+SUMPRODUCT(($C$36:$C$44=$BF7)*($D$36:$D$44-$E$36:$E$44))+SUMPRODUCT(($F$36:$F$44=$BF7)*($E$36:$E$44-$D$36:$D$44))+SUMPRODUCT(($I$36:$I$44=$BF7)*($J$36:$J$44-$K$36:$K$44))+SUMPRODUCT(($L$36:$L$44=$BF7)*($K$36:$K$44-$J$36:$J$44))+SUMPRODUCT(($O$36:$O$44=$BF7)*($P$36:$P$44-$Q$36:$Q$44))+SUMPRODUCT(($R$36:$R$44=$BF7)*($Q$36:$Q$44-$P$36:$P$44))+SUMPRODUCT(($C$47:$C$55=$BF7)*($D$47:$D$55-$E$47:$E$55))+SUMPRODUCT(($F$47:$F$55=$BF7)*($E$47:$E$55-$D$47:$D$55)) -> -2 | BI7: =IF(COUNTIFS($BG$1:$BG$9,BG7,$BH$1:$BH$9,BH7)<=1,0,SUMPRODUCT(INDEX($BG$13:$BO$21,MATCH(BF7,$BF$13:$BF$21,0),0)*TRANSPOSE(($BG$1:$BG$9=BG7)*($BH$1:$BH$9=BH7)))) -> 0 | BJ7: =1+SUMPRODUCT(--($BG$1:$BG$9>BG7))+SUMPRODUCT(--($BG$1:$BG$9=BG7),--($BH$1:$BH$9>BH7))+SUMPRODUCT(--($BG$1:$BG$9=BG7),--($BH$1:$BH$9=BH7),--($BI$1:$BI$9>BI7))+SUMPRODUCT(--($BG$1:$BG$9=BG7),--($BH$1:$BH$9=BH7),--($BI$1:$BI$9=BI7),--($BF$1:$BF$9<BF7)) -> 6 | BK7: =COUNTIFS($C$14:$C$22,$BF7,$D$14:$D$22,"")+COUNTIFS($F$14:$F$22,$BF7,$E$14:$E$22,"")+COUNTIFS($I$14:$I$22,$BF7,$J$14:$J$22,"")+COUNTIFS($L$14:$L$22,$BF7,$K$14:$K$22,"")+COUNTIFS($O$14:$O$22,$BF7,$P$14:$P$22,"")+COUNTIFS($R$14:$R$22,$BF7,$Q$14:$Q$22,"")+COUNTIFS($C$25:$C$33,$BF7,$D$25:$D$33,"")+COUNTIFS($F$25:$F$33,$BF7,$E$25:$E$33,"")+COUNTIFS($I$25:$I$33,$BF7,$J$25:$J$33,"")+COUNTIFS($L$25:$L$33,$BF7,$K$25:$K$33,"")+COUNTIFS($O$25:$O$33,$BF7,$P$25:$P$33,"")+COUNTIFS($R$25:$R$33,$BF7,$Q$25:$Q$33,"")+COUNTIFS($C$36:$C$44,$BF7,$D$36:$D$44,"")+COUNTIFS($F$36:$F$44,$BF7,$E$36:$E$44,"")+COUNTIFS($I$36:$I$44,$BF7,$J$36:$J$44,"")+COUNTIFS($L$36:$L$44,$BF7,$K$36:$K$44,"")+COUNTIFS($O$36:$O$44,$BF7,$P$36:$P$44,"")+COUNTIFS($R$36:$R$44,$BF7,$Q$36:$Q$44,"") -> 3 | BL7: =BG7+BK7 -> 8 | BM7: =IF(BJ7<=2, "Qualified", IF(BK7=0, IF(BG7>=INDEX($BG$1:$BG$9, 6), "Qualified", "Eliminated"), IF(BL7<INDEX($BG$1:$BG$9, MATCH(6, $BG$1:$BG$9, 0)), "Eliminated", IF(BG7>_xlfn.AGGREGATE(14, 6, ($BG$1:$BG$9+$BK$1:$BK$9)/($BG$1:$BG$9<INDEX($BG$1:$BG$9, 6)), 1), "Qualified", "Chance")))) -> #N/A
A8: 6 | B8: =INDEX($BF$1:$BF$9,MATCH(ROW()-2,$BJ$1:$BJ$9,0)) -> ONIC | C8: =SUMPRODUCT(($C$14:$C$22=$B8)*ISNUMBER($D$14:$D$22)*ISNUMBER($E$14:$E$22)*($D$14:$D$22>$E$14:$E$22))+SUMPRODUCT(($F$14:$F$22=$B8)*ISNUMBER($D$14:$D$22)*ISNUMBER($E$14:$E$22)*($E$14:$E$22>$D$14:$D$22))+SUMPRODUCT(($I$14:$I$22=$B8)*ISNUMBER($J$14:$J$22)*ISNUMBER($K$14:$K$22)*($J$14:$J$22>$K$14:$K$22))+SUMPRODUCT(($L$14:$L$22=$B8)*ISNUMBER($J$14:$J$22)*ISNUMBER($K$14:$K$22)*($K$14:$K$22>$J$14:$J$22))+SUMPRODUCT(($O$14:$O$22=$B8)*ISNUMBER($P$14:$P$22)*ISNUMBER($Q$14:$Q$22)*($P$14:$P$22>$Q$14:$Q$22))+SUMPRODUCT(($R$14:$R$22=$B8)*ISNUMBER($P$14:$P$22)*ISNUMBER($Q$14:$Q$22)*($Q$14:$Q$22>$P$14:$P$22))+SUMPRODUCT(($C$25:$C$33=$B8)*ISNUMBER($D$25:$D$33)*ISNUMBER($E$25:$E$33)*($D$25:$D$33>$E$25:$E$33))+SUMPRODUCT(($F$25:$F$33=$B8)*ISNUMBER($D$25:$D$33)*ISNUMBER($E$25:$E$33)*($E$25:$E$33>$D$25:$D$33))+SUMPRODUCT(($I$25:$I$33=$B8)*ISNUMBER($J$25:$J$33)*ISNUMBER($K$25:$K$33)*($J$25:$J$33>$K$25:$K$33))+SUMPRODUCT(($L$25:$L$33=$B8)*ISNUMBER($J$25:$J$33)*ISNUMBER($K$25:$K$33)*($K$25:$K$33>$J$25:$J$33))+SUMPRODUCT(($O$25:$O$33=$B8)*ISNUMBER($P$25:$P$33)*ISNUMBER($Q$25:$Q$33)*($P$25:$P$33>$Q$25:$Q$33))+SUMPRODUCT(($R$25:$R$33=$B8)*ISNUMBER($P$25:$P$33)*ISNUMBER($Q$25:$Q$33)*($Q$25:$Q$33>$P$25:$P$33))+SUMPRODUCT(($C$36:$C$44=$B8)*ISNUMBER($D$36:$D$44)*ISNUMBER($E$36:$E$44)*($D$36:$D$44>$E$36:$E$44))+SUMPRODUCT(($F$36:$F$44=$B8)*ISNUMBER($D$36:$D$44)*ISNUMBER($E$36:$E$44)*($E$36:$E$44>$D$36:$D$44))+SUMPRODUCT(($I$36:$I$44=$B8)*ISNUMBER($J$36:$J$44)*ISNUMBER($K$36:$K$44)*($J$36:$J$44>$K$36:$K$44))+SUMPRODUCT(($L$36:$L$44=$B8)*ISNUMBER($J$36:$J$44)*ISNUMBER($K$36:$K$44)*($K$36:$K$44>$J$36:$J$44))+SUMPRODUCT(($O$36:$O$44=$B8)*ISNUMBER($P$36:$P$44)*ISNUMBER($Q$36:$Q$44)*($P$36:$P$44>$Q$36:$Q$44))+SUMPRODUCT(($R$36:$R$44=$B8)*ISNUMBER($P$36:$P$44)*ISNUMBER($Q$36:$Q$44)*($Q$36:$Q$44>$P$36:$P$44)) -> 5 | D8: =SUMPRODUCT(($C$14:$C$22=$B8)*ISNUMBER($D$14:$D$22)*ISNUMBER($E$14:$E$22)*($D$14:$D$22<$E$14:$E$22))+SUMPRODUCT(($F$14:$F$22=$B8)*ISNUMBER($D$14:$D$22)*ISNUMBER($E$14:$E$22)*($E$14:$E$22<$D$14:$D$22))+SUMPRODUCT(($I$14:$I$22=$B8)*ISNUMBER($J$14:$J$22)*ISNUMBER($K$14:$K$22)*($J$14:$J$22<$K$14:$K$22))+SUMPRODUCT(($L$14:$L$22=$B8)*ISNUMBER($J$14:$J$22)*ISNUMBER($K$14:$K$22)*($K$14:$K$22<$J$14:$J$22))+SUMPRODUCT(($O$14:$O$22=$B8)*ISNUMBER($P$14:$P$22)*ISNUMBER($Q$14:$Q$22)*($P$14:$P$22<$Q$14:$Q$22))+SUMPRODUCT(($R$14:$R$22=$B8)*ISNUMBER($P$14:$P$22)*ISNUMBER($Q$14:$Q$22)*($Q$14:$Q$22<$P$14:$P$22))+SUMPRODUCT(($C$25:$C$33=$B8)*ISNUMBER($D$25:$D$33)*ISNUMBER($E$25:$E$33)*($D$25:$D$33<$E$25:$E$33))+SUMPRODUCT(($F$25:$F$33=$B8)*ISNUMBER($D$25:$D$33)*ISNUMBER($E$25:$E$33)*($E$25:$E$33<$D$25:$D$33))+SUMPRODUCT(($I$25:$I$33=$B8)*ISNUMBER($J$25:$J$33)*ISNUMBER($K$25:$K$33)*($J$25:$J$33<$K$25:$K$33))+SUMPRODUCT(($L$25:$L$33=$B8)*ISNUMBER($J$25:$J$33)*ISNUMBER($K$25:$K$33)*($K$25:$K$33<$J$25:$K$33))+SUMPRODUCT(($O$25:$O$33=$B8)*ISNUMBER($P$25:$P$33)*ISNUMBER($Q$25:$Q$33)*($P$25:$P$33<$Q$25:$Q$33))+SUMPRODUCT(($R$25:$R$33=$B8)*ISNUMBER($P$25:$P$33)*ISNUMBER($Q$25:$Q$33)*($Q$25:$Q$33<$P$25:$P$33))+SUMPRODUCT(($C$36:$C$44=$B8)*ISNUMBER($D$36:$D$44)*ISNUMBER($E$36:$E$44)*($D$36:$D$44<$E$36:$E$44))+SUMPRODUCT(($F$36:$F$44=$B8)*ISNUMBER($D$36:$D$44)*ISNUMBER($E$36:$E$44)*($E$36:$E$44<$D$36:$D$44))+SUMPRODUCT(($I$36:$I$44=$B8)*ISNUMBER($J$36:$J$44)*ISNUMBER($K$36:$K$44)*($J$36:$J$44<$K$36:$K$44))+SUMPRODUCT(($L$36:$L$44=$B8)*ISNUMBER($J$36:$J$44)*ISNUMBER($K$36:$K$44)*($K$36:$K$44<$J$36:$J$44))+SUMPRODUCT(($O$36:$O$44=$B8)*ISNUMBER($P$36:$P$44)*ISNUMBER($Q$36:$Q$44)*($P$36:$P$44<$Q$36:$Q$44))+SUMPRODUCT(($R$36:$R$44=$B8)*ISNUMBER($P$36:$P$44)*ISNUMBER($Q$36:$Q$44)*($Q$36:$Q$44<$P$36:$P$44)) -> 8 | E8: =SUMIF($C$14:$C$22,$B8,$D$14:$D$22)+SUMIF($F$14:$F$22,$B8,$E$14:$E$22)+SUMIF($I$14:$I$22,$B8,$J$14:$J$22)+SUMIF($L$14:$L$22,$B8,$K$14:$K$22)+SUMIF($O$14:$O$22,$B8,$P$14:$P$22)+SUMIF($R$14:$R$22,$B8,$Q$14:$Q$22)+SUMIF($C$25:$C$33,$B8,$D$25:$D$33)+SUMIF($F$25:$F$33,$B8,$E$25:$E$33)+SUMIF($I$25:$I$33,$B8,$J$25:$J$33)+SUMIF($L$25:$L$33,$B8,$K$25:$K$33)+SUMIF($O$25:$O$33,$B8,$P$25:$P$33)+SUMIF($R$25:$R$33,$B8,$Q$25:$Q$33)+SUMIF($C$36:$C$44,$B8,$D$36:$D$44)+SUMIF($F$36:$F$44,$B8,$E$36:$E$44)+SUMIF($I$36:$I$44,$B8,$J$36:$J$44)+SUMIF($L$36:$L$44,$B8,$K$36:$K$44)+SUMIF($O$36:$O$44,$B8,$P$36:$P$44)+SUMIF($R$36:$R$44,$B8,$Q$36:$Q$44)+SUMIF($C$47:$C$55,$B6,$D$47:$D$55)+SUMIF($F$47:$F$55,$B6,$E$47:$E$55) -> 15 | F8: =SUMIF($C$14:$C$22,$B8,$E$14:$E$22)+SUMIF($F$14:$F$22,$B8,$D$14:$D$22)+SUMIF($I$14:$I$22,$B8,$K$14:$K$22)+SUMIF($L$14:$L$22,$B8,$J$14:$J$22)+SUMIF($O$14:$O$22,$B8,$Q$14:$Q$22)+SUMIF($R$14:$R$22,$B8,$P$14:$P$22)+SUMIF($C$25:$C$33,$B8,$E$25:$E$33)+SUMIF($F$25:$F$33,$B8,$D$25:$D$33)+SUMIF($I$25:$I$33,$B8,$K$25:$K$33)+SUMIF($L$25:$L$33,$B8,$J$25:$J$33)+SUMIF($O$25:$O$33,$B8,$Q$25:$Q$33)+SUMIF($R$25:$R$33,$B8,$P$25:$P$33)+SUMIF($C$36:$C$44,$B8,$E$36:$E$44)+SUMIF($F$36:$F$44,$B8,$D$36:$D$44)+SUMIF($I$36:$I$44,$B8,$K$36:$K$44)+SUMIF($L$36:$L$44,$B8,$J$36:$J$44)+SUMIF($O$36:$O$44,$B8,$Q$36:$Q$44)+SUMIF($R$36:$R$44,$B8,$P$36:$P$44)+SUMIF($C$47:$C$55,$B8,$E$47:$E$55)+SUMIF($F$47:$F$55,$B8,$D$47:$D$55) -> 17 | G8: =E8-F8 -> -2 | H8: =F66 -> Chance | BF8: RRQ | BG8: =SUMPRODUCT(($C$14:$C$22=$BF8)*($D$14:$D$22>$E$14:$E$22))+SUMPRODUCT(($F$14:$F$22=$BF8)*($E$14:$E$22>$D$14:$D$22))+SUMPRODUCT(($I$14:$I$22=$BF8)*($J$14:$J$22>$K$14:$K$22))+SUMPRODUCT(($L$14:$L$22=$BF8)*($K$14:$K$22>$J$14:$J$22))+SUMPRODUCT(($O$14:$O$22=$BF8)*($P$14:$P$22>$Q$14:$Q$22))+SUMPRODUCT(($R$14:$R$22=$BF8)*($Q$14:$Q$22>$P$14:$P$22))+SUMPRODUCT(($C$25:$C$33=$BF8)*($D$25:$D$33>$E$25:$E$33))+SUMPRODUCT(($F$25:$F$33=$BF8)*($E$25:$E$33>$D$25:$D$33))+SUMPRODUCT(($I$25:$I$33=$BF8)*($J$25:$J$33>$K$25:$K$33))+SUMPRODUCT(($L$25:$L$33=$BF8)*($K$25:$K$33>$J$25:$J$33))+SUMPRODUCT(($O$25:$O$33=$BF8)*($P$25:$P$33>$Q$25:$Q$33))+SUMPRODUCT(($R$25:$R$33=$BF8)*($Q$25:$Q$33>$P$25:$P$33))+SUMPRODUCT(($C$36:$C$44=$BF8)*($D$36:$D$44>$E$36:$E$44))+SUMPRODUCT(($F$36:$F$44=$BF8)*($E$36:$E$44>$D$36:$D$44))+SUMPRODUCT(($I$36:$I$44=$BF8)*($J$36:$J$44>$K$36:$K$44))+SUMPRODUCT(($L$36:$L$44=$BF8)*($K$36:$K$44>$J$36:$J$44))+SUMPRODUCT(($O$36:$O$44=$BF8)*($P$36:$P$44>$Q$36:$Q$44))+SUMPRODUCT(($R$36:$R$44=$BF8)*($Q$36:$Q$44>$P$36:$P$44)) -> 3 | BH8: =SUMPRODUCT(($C$14:$C$22=$BF8)*($D$14:$D$22-$E$14:$E$22))+SUMPRODUCT(($F$14:$F$22=$BF8)*($E$14:$E$22-$D$14:$D$22))+SUMPRODUCT(($I$14:$I$22=$BF8)*($J$14:$J$22-$K$14:$K$22))+SUMPRODUCT(($L$14:$L$22=$BF8)*($K$14:$K$22-$J$14:$J$22))+SUMPRODUCT(($O$14:$O$22=$BF8)*($P$14:$P$22-$Q$14:$Q$22))+SUMPRODUCT(($R$14:$R$22=$BF8)*($Q$14:$Q$22-$P$14:$P$22))+SUMPRODUCT(($C$25:$C$33=$BF8)*($D$25:$D$33-$E$25:$E$33))+SUMPRODUCT(($F$25:$F$33=$BF8)*($E$25:$E$33-$D$25:$D$33))+SUMPRODUCT(($I$25:$I$33=$BF8)*($J$25:$J$33-$K$25:$K$33))+SUMPRODUCT(($L$25:$L$33=$BF8)*($K$25:$K$33-$J$25:$J$33))+SUMPRODUCT(($O$25:$O$33=$BF8)*($P$25:$P$33-$Q$25:$Q$33))+SUMPRODUCT(($R$25:$R$33=$BF8)*($Q$25:$Q$33-$P$25:$P$33))+SUMPRODUCT(($C$36:$C$44=$BF8)*($D$36:$D$44-$E$36:$E$44))+SUMPRODUCT(($F$36:$F$44=$BF8)*($E$36:$E$44-$D$36:$D$44))+SUMPRODUCT(($I$36:$I$44=$BF8)*($J$36:$J$44-$K$36:$K$44))+SUMPRODUCT(($L$36:$L$44=$BF8)*($K$36:$K$44-$J$36:$J$44))+SUMPRODUCT(($O$36:$O$44=$BF8)*($P$36:$P$44-$Q$36:$Q$44))+SUMPRODUCT(($R$36:$R$44=$BF8)*($Q$36:$Q$44-$P$36:$P$44))+SUMPRODUCT(($C$47:$C$55=$BF8)*($D$47:$D$55-$E$47:$E$55))+SUMPRODUCT(($F$47:$F$55=$BF8)*($E$47:$E$55-$D$47:$D$55)) -> -12 | BI8: =IF(COUNTIFS($BG$1:$BG$9,BG8,$BH$1:$BH$9,BH8)<=1,0,SUMPRODUCT(INDEX($BG$13:$BO$21,MATCH(BF8,$BF$13:$BF$21,0),0)*TRANSPOSE(($BG$1:$BG$9=BG8)*($BH$1:$BH$9=BH8)))) -> 3 | BJ8: =1+SUMPRODUCT(--($BG$1:$BG$9>BG8))+SUMPRODUCT(--($BG$1:$BG$9=BG8),--($BH$1:$BH$9>BH8))+SUMPRODUCT(--($BG$1:$BG$9=BG8),--($BH$1:$BH$9=BH8),--($BI$1:$BI$9>BI8))+SUMPRODUCT(--($BG$1:$BG$9=BG8),--($BH$1:$BH$9=BH8),--($BI$1:$BI$9=BI8),--($BF$1:$BF$9<BF8)) -> 9 | BK8: =COUNTIFS($C$14:$C$22,$BF8,$D$14:$D$22,"")+COUNTIFS($F$14:$F$22,$BF8,$E$14:$E$22,"")+COUNTIFS($I$14:$I$22,$BF8,$J$14:$J$22,"")+COUNTIFS($L$14:$L$22,$BF8,$K$14:$K$22,"")+COUNTIFS($O$14:$O$22,$BF8,$P$14:$P$22,"")+COUNTIFS($R$14:$R$22,$BF8,$Q$14:$Q$22,"")+COUNTIFS($C$25:$C$33,$BF8,$D$25:$D$33,"")+COUNTIFS($F$25:$F$33,$BF8,$E$25:$E$33,"")+COUNTIFS($I$25:$I$33,$BF8,$J$25:$J$33,"")+COUNTIFS($L$25:$L$33,$BF8,$K$25:$K$33,"")+COUNTIFS($O$25:$O$33,$BF8,$P$25:$P$33,"")+COUNTIFS($R$25:$R$33,$BF8,$Q$25:$Q$33,"")+COUNTIFS($C$36:$C$44,$BF8,$D$36:$D$44,"")+COUNTIFS($F$36:$F$44,$BF8,$E$36:$E$44,"")+COUNTIFS($I$36:$I$44,$BF8,$J$36:$J$44,"")+COUNTIFS($L$36:$L$44,$BF8,$K$36:$K$44,"")+COUNTIFS($O$36:$O$44,$BF8,$P$36:$P$44,"")+COUNTIFS($R$36:$R$44,$BF8,$Q$36:$Q$44,"") -> 3 | BL8: =BG8+BK8 -> 6 | BM8: =IF(BJ8<=2, "Qualified", IF(BK8=0, IF(BG8>=INDEX($BG$1:$BG$9, 6), "Qualified", "Eliminated"), IF(BL8<INDEX($BG$1:$BG$9, MATCH(6, $BG$1:$BG$9, 0)), "Eliminated", IF(BG8>_xlfn.AGGREGATE(14, 6, ($BG$1:$BG$9+$BK$1:$BK$9)/($BG$1:$BG$9<INDEX($BG$1:$BG$9, 6)), 1), "Qualified", "Chance")))) -> #N/A
A9: 7 | B9: =INDEX($BF$1:$BF$9,MATCH(ROW()-2,$BJ$1:$BJ$9,0)) -> DEWA | C9: =SUMPRODUCT(($C$14:$C$22=$B9)*ISNUMBER($D$14:$D$22)*ISNUMBER($E$14:$E$22)*($D$14:$D$22>$E$14:$E$22))+SUMPRODUCT(($F$14:$F$22=$B9)*ISNUMBER($D$14:$D$22)*ISNUMBER($E$14:$E$22)*($E$14:$E$22>$D$14:$D$22))+SUMPRODUCT(($I$14:$I$22=$B9)*ISNUMBER($J$14:$J$22)*ISNUMBER($K$14:$K$22)*($J$14:$J$22>$K$14:$K$22))+SUMPRODUCT(($L$14:$L$22=$B9)*ISNUMBER($J$14:$J$22)*ISNUMBER($K$14:$K$22)*($K$14:$K$22>$J$14:$J$22))+SUMPRODUCT(($O$14:$O$22=$B9)*ISNUMBER($P$14:$P$22)*ISNUMBER($Q$14:$Q$22)*($P$14:$P$22>$Q$14:$Q$22))+SUMPRODUCT(($R$14:$R$22=$B9)*ISNUMBER($P$14:$P$22)*ISNUMBER($Q$14:$Q$22)*($Q$14:$Q$22>$P$14:$P$22))+SUMPRODUCT(($C$25:$C$33=$B9)*ISNUMBER($D$25:$D$33)*ISNUMBER($E$25:$E$33)*($D$25:$D$33>$E$25:$E$33))+SUMPRODUCT(($F$25:$F$33=$B9)*ISNUMBER($D$25:$D$33)*ISNUMBER($E$25:$E$33)*($E$25:$E$33>$D$25:$D$33))+SUMPRODUCT(($I$25:$I$33=$B9)*ISNUMBER($J$25:$J$33)*ISNUMBER($K$25:$K$33)*($J$25:$J$33>$K$25:$K$33))+SUMPRODUCT(($L$25:$L$33=$B9)*ISNUMBER($J$25:$J$33)*ISNUMBER($K$25:$K$33)*($K$25:$K$33>$J$25:$J$33))+SUMPRODUCT(($O$25:$O$33=$B9)*ISNUMBER($P$25:$P$33)*ISNUMBER($Q$25:$Q$33)*($P$25:$P$33>$Q$25:$Q$33))+SUMPRODUCT(($R$25:$R$33=$B9)*ISNUMBER($P$25:$P$33)*ISNUMBER($Q$25:$Q$33)*($Q$25:$Q$33>$P$25:$P$33))+SUMPRODUCT(($C$36:$C$44=$B9)*ISNUMBER($D$36:$D$44)*ISNUMBER($E$36:$E$44)*($D$36:$D$44>$E$36:$E$44))+SUMPRODUCT(($F$36:$F$44=$B9)*ISNUMBER($D$36:$D$44)*ISNUMBER($E$36:$E$44)*($E$36:$E$44>$D$36:$D$44))+SUMPRODUCT(($I$36:$I$44=$B9)*ISNUMBER($J$36:$J$44)*ISNUMBER($K$36:$K$44)*($J$36:$J$44>$K$36:$K$44))+SUMPRODUCT(($L$36:$L$44=$B9)*ISNUMBER($J$36:$J$44)*ISNUMBER($K$36:$K$44)*($K$36:$K$44>$J$36:$J$44))+SUMPRODUCT(($O$36:$O$44=$B9)*ISNUMBER($P$36:$P$44)*ISNUMBER($Q$36:$Q$44)*($P$36:$P$44>$Q$36:$Q$44))+SUMPRODUCT(($R$36:$R$44=$B9)*ISNUMBER($P$36:$P$44)*ISNUMBER($Q$36:$Q$44)*($Q$36:$Q$44>$P$36:$P$44)) -> 5 | D9: =SUMPRODUCT(($C$14:$C$22=$B9)*ISNUMBER($D$14:$D$22)*ISNUMBER($E$14:$E$22)*($D$14:$D$22<$E$14:$E$22))+SUMPRODUCT(($F$14:$F$22=$B9)*ISNUMBER($D$14:$D$22)*ISNUMBER($E$14:$E$22)*($E$14:$E$22<$D$14:$D$22))+SUMPRODUCT(($I$14:$I$22=$B9)*ISNUMBER($J$14:$J$22)*ISNUMBER($K$14:$K$22)*($J$14:$J$22<$K$14:$K$22))+SUMPRODUCT(($L$14:$L$22=$B9)*ISNUMBER($J$14:$J$22)*ISNUMBER($K$14:$K$22)*($K$14:$K$22<$J$14:$J$22))+SUMPRODUCT(($O$14:$O$22=$B9)*ISNUMBER($P$14:$P$22)*ISNUMBER($Q$14:$Q$22)*($P$14:$P$22<$Q$14:$Q$22))+SUMPRODUCT(($R$14:$R$22=$B9)*ISNUMBER($P$14:$P$22)*ISNUMBER($Q$14:$Q$22)*($Q$14:$Q$22<$P$14:$P$22))+SUMPRODUCT(($C$25:$C$33=$B9)*ISNUMBER($D$25:$D$33)*ISNUMBER($E$25:$E$33)*($D$25:$D$33<$E$25:$E$33))+SUMPRODUCT(($F$25:$F$33=$B9)*ISNUMBER($D$25:$D$33)*ISNUMBER($E$25:$E$33)*($E$25:$E$33<$D$25:$D$33))+SUMPRODUCT(($I$25:$I$33=$B9)*ISNUMBER($J$25:$J$33)*ISNUMBER($K$25:$K$33)*($J$25:$J$33<$K$25:$K$33))+SUMPRODUCT(($L$25:$L$33=$B9)*ISNUMBER($J$25:$J$33)*ISNUMBER($K$25:$K$33)*($K$25:$K$33<$J$25:$K$33))+SUMPRODUCT(($O$25:$O$33=$B9)*ISNUMBER($P$25:$P$33)*ISNUMBER($Q$25:$Q$33)*($P$25:$P$33<$Q$25:$Q$33))+SUMPRODUCT(($R$25:$R$33=$B9)*ISNUMBER($P$25:$P$33)*ISNUMBER($Q$25:$Q$33)*($Q$25:$Q$33<$P$25:$P$33))+SUMPRODUCT(($C$36:$C$44=$B9)*ISNUMBER($D$36:$D$44)*ISNUMBER($E$36:$E$44)*($D$36:$D$44<$E$36:$E$44))+SUMPRODUCT(($F$36:$F$44=$B9)*ISNUMBER($D$36:$D$44)*ISNUMBER($E$36:$E$44)*($E$36:$E$44<$D$36:$D$44))+SUMPRODUCT(($I$36:$I$44=$B9)*ISNUMBER($J$36:$J$44)*ISNUMBER($K$36:$K$44)*($J$36:$J$44<$K$36:$K$44))+SUMPRODUCT(($L$36:$L$44=$B9)*ISNUMBER($J$36:$J$44)*ISNUMBER($K$36:$K$44)*($K$36:$K$44<$J$36:$J$44))+SUMPRODUCT(($O$36:$O$44=$B9)*ISNUMBER($P$36:$P$44)*ISNUMBER($Q$36:$Q$44)*($P$36:$P$44<$Q$36:$Q$44))+SUMPRODUCT(($R$36:$R$44=$B9)*ISNUMBER($P$36:$P$44)*ISNUMBER($Q$36:$Q$44)*($Q$36:$Q$44<$P$36:$P$44)) -> 9 | E9: =SUMIF($C$14:$C$22,$B9,$D$14:$D$22)+SUMIF($F$14:$F$22,$B9,$E$14:$E$22)+SUMIF($I$14:$I$22,$B9,$J$14:$J$22)+SUMIF($L$14:$L$22,$B9,$K$14:$K$22)+SUMIF($O$14:$O$22,$B9,$P$14:$P$22)+SUMIF($R$14:$R$22,$B9,$Q$14:$Q$22)+SUMIF($C$25:$C$33,$B9,$D$25:$D$33)+SUMIF($F$25:$F$33,$B9,$E$25:$E$33)+SUMIF($I$25:$I$33,$B9,$J$25:$J$33)+SUMIF($L$25:$L$33,$B9,$K$25:$K$33)+SUMIF($O$25:$O$33,$B9,$P$25:$P$33)+SUMIF($R$25:$R$33,$B9,$Q$25:$Q$33)+SUMIF($C$36:$C$44,$B9,$D$36:$D$44)+SUMIF($F$36:$F$44,$B9,$E$36:$E$44)+SUMIF($I$36:$I$44,$B9,$J$36:$J$44)+SUMIF($L$36:$L$44,$B9,$K$36:$K$44)+SUMIF($O$36:$O$44,$B9,$P$36:$P$44)+SUMIF($R$36:$R$44,$B9,$Q$36:$Q$44)+SUMIF($C$47:$C$55,$B3,$D$47:$D$55)+SUMIF($F$47:$F$55,$B3,$E$47:$E$55) -> 13 | F9: =SUMIF($C$14:$C$22,$B9,$E$14:$E$22)+SUMIF($F$14:$F$22,$B9,$D$14:$D$22)+SUMIF($I$14:$I$22,$B9,$K$14:$K$22)+SUMIF($L$14:$L$22,$B9,$J$14:$J$22)+SUMIF($O$14:$O$22,$B9,$Q$14:$Q$22)+SUMIF($R$14:$R$22,$B9,$P$14:$P$22)+SUMIF($C$25:$C$33,$B9,$E$25:$E$33)+SUMIF($F$25:$F$33,$B9,$D$25:$D$33)+SUMIF($I$25:$I$33,$B9,$K$25:$K$33)+SUMIF($L$25:$L$33,$B9,$J$25:$J$33)+SUMIF($O$25:$O$33,$B9,$Q$25:$Q$33)+SUMIF($R$25:$R$33,$B9,$P$25:$P$33)+SUMIF($C$36:$C$44,$B9,$E$36:$E$44)+SUMIF($F$36:$F$44,$B9,$D$36:$D$44)+SUMIF($I$36:$I$44,$B9,$K$36:$K$44)+SUMIF($L$36:$L$44,$B9,$J$36:$J$44)+SUMIF($O$36:$O$44,$B9,$Q$36:$Q$44)+SUMIF($R$36:$R$44,$B9,$P$36:$P$44)+SUMIF($C$47:$C$55,$B9,$E$47:$E$55)+SUMIF($F$47:$F$55,$B9,$D$47:$D$55) -> 21 | G9: =E9-F9 -> -8 | H9: =F67 -> Chance | BF9: TLID | BG9: =SUMPRODUCT(($C$14:$C$22=$BF9)*($D$14:$D$22>$E$14:$E$22))+SUMPRODUCT(($F$14:$F$22=$BF9)*($E$14:$E$22>$D$14:$D$22))+SUMPRODUCT(($I$14:$I$22=$BF9)*($J$14:$J$22>$K$14:$K$22))+SUMPRODUCT(($L$14:$L$22=$BF9)*($K$14:$K$22>$J$14:$J$22))+SUMPRODUCT(($O$14:$O$22=$BF9)*($P$14:$P$22>$Q$14:$Q$22))+SUMPRODUCT(($R$14:$R$22=$BF9)*($Q$14:$Q$22>$P$14:$P$22))+SUMPRODUCT(($C$25:$C$33=$BF9)*($D$25:$D$33>$E$25:$E$33))+SUMPRODUCT(($F$25:$F$33=$BF9)*($E$25:$E$33>$D$25:$D$33))+SUMPRODUCT(($I$25:$I$33=$BF9)*($J$25:$J$33>$K$25:$K$33))+SUMPRODUCT(($L$25:$L$33=$BF9)*($K$25:$K$33>$J$25:$J$33))+SUMPRODUCT(($O$25:$O$33=$BF9)*($P$25:$P$33>$Q$25:$Q$33))+SUMPRODUCT(($R$25:$R$33=$BF9)*($Q$25:$Q$33>$P$25:$P$33))+SUMPRODUCT(($C$36:$C$44=$BF9)*($D$36:$D$44>$E$36:$E$44))+SUMPRODUCT(($F$36:$F$44=$BF9)*($E$36:$E$44>$D$36:$D$44))+SUMPRODUCT(($I$36:$I$44=$BF9)*($J$36:$J$44>$K$36:$K$44))+SUMPRODUCT(($L$36:$L$44=$BF9)*($K$36:$K$44>$J$36:$J$44))+SUMPRODUCT(($O$36:$O$44=$BF9)*($P$36:$P$44>$Q$36:$Q$44))+SUMPRODUCT(($R$36:$R$44=$BF9)*($Q$36:$Q$44>$P$36:$P$44)) -> 11 | BH9: =SUMPRODUCT(($C$14:$C$22=$BF9)*($D$14:$D$22-$E$14:$E$22))+SUMPRODUCT(($F$14:$F$22=$BF9)*($E$14:$E$22-$D$14:$D$22))+SUMPRODUCT(($I$14:$I$22=$BF9)*($J$14:$J$22-$K$14:$K$22))+SUMPRODUCT(($L$14:$L$22=$BF9)*($K$14:$K$22-$J$14:$J$22))+SUMPRODUCT(($O$14:$O$22=$BF9)*($P$14:$P$22-$Q$14:$Q$22))+SUMPRODUCT(($R$14:$R$22=$BF9)*($Q$14:$Q$22-$P$14:$P$22))+SUMPRODUCT(($C$25:$C$33=$BF9)*($D$25:$D$33-$E$25:$E$33))+SUMPRODUCT(($F$25:$F$33=$BF9)*($E$25:$E$33-$D$25:$D$33))+SUMPRODUCT(($I$25:$I$33=$BF9)*($J$25:$J$33-$K$25:$K$33))+SUMPRODUCT(($L$25:$L$33=$BF9)*($K$25:$K$33-$J$25:$J$33))+SUMPRODUCT(($O$25:$O$33=$BF9)*($P$25:$P$33-$Q$25:$Q$33))+SUMPRODUCT(($R$25:$R$33=$BF9)*($Q$25:$Q$33-$P$25:$P$33))+SUMPRODUCT(($C$36:$C$44=$BF9)*($D$36:$D$44-$E$36:$E$44))+SUMPRODUCT(($F$36:$F$44=$BF9)*($E$36:$E$44-$D$36:$D$44))+SUMPRODUCT(($I$36:$I$44=$BF9)*($J$36:$J$44-$K$36:$K$44))+SUMPRODUCT(($L$36:$L$44=$BF9)*($K$36:$K$44-$J$36:$J$44))+SUMPRODUCT(($O$36:$O$44=$BF9)*($P$36:$P$44-$Q$36:$Q$44))+SUMPRODUCT(($R$36:$R$44=$BF9)*($Q$36:$Q$44-$P$36:$P$44))+SUMPRODUCT(($C$47:$C$55=$BF9)*($D$47:$D$55-$E$47:$E$55))+SUMPRODUCT(($F$47:$F$55=$BF9)*($E$47:$E$55-$D$47:$D$55)) -> 13 | BI9: =IF(COUNTIFS($BG$1:$BG$9,BG9,$BH$1:$BH$9,BH9)<=1,0,SUMPRODUCT(INDEX($BG$13:$BO$21,MATCH(BF9,$BF$13:$BF$21,0),0)*TRANSPOSE(($BG$1:$BG$9=BG9)*($BH$1:$BH$9=BH9)))) -> 0 | BJ9: =1+SUMPRODUCT(--($BG$1:$BG$9>BG9))+SUMPRODUCT(--($BG$1:$BG$9=BG9),--($BH$1:$BH$9>BH9))+SUMPRODUCT(--($BG$1:$BG$9=BG9),--($BH$1:$BH$9=BH9),--($BI$1:$BI$9>BI9))+SUMPRODUCT(--($BG$1:$BG$9=BG9),--($BH$1:$BH$9=BH9),--($BI$1:$BI$9=BI9),--($BF$1:$BF$9<BF9)) -> 2 | BK9: =COUNTIFS($C$14:$C$22,$BF9,$D$14:$D$22,"")+COUNTIFS($F$14:$F$22,$BF9,$E$14:$E$22,"")+COUNTIFS($I$14:$I$22,$BF9,$J$14:$J$22,"")+COUNTIFS($L$14:$L$22,$BF9,$K$14:$K$22,"")+COUNTIFS($O$14:$O$22,$BF9,$P$14:$P$22,"")+COUNTIFS($R$14:$R$22,$BF9,$Q$14:$Q$22,"")+COUNTIFS($C$25:$C$33,$BF9,$D$25:$D$33,"")+COUNTIFS($F$25:$F$33,$BF9,$E$25:$E$33,"")+COUNTIFS($I$25:$I$33,$BF9,$J$25:$J$33,"")+COUNTIFS($L$25:$L$33,$BF9,$K$25:$K$33,"")+COUNTIFS($O$25:$O$33,$BF9,$P$25:$P$33,"")+COUNTIFS($R$25:$R$33,$BF9,$Q$25:$Q$33,"")+COUNTIFS($C$36:$C$44,$BF9,$D$36:$D$44,"")+COUNTIFS($F$36:$F$44,$BF9,$E$36:$E$44,"")+COUNTIFS($I$36:$I$44,$BF9,$J$36:$J$44,"")+COUNTIFS($L$36:$L$44,$BF9,$K$36:$K$44,"")+COUNTIFS($O$36:$O$44,$BF9,$P$36:$P$44,"")+COUNTIFS($R$36:$R$44,$BF9,$Q$36:$Q$44,"") -> 1 | BL9: =BG9+BK9 -> 12 | BM9: =IF(BJ9<=2, "Qualified", IF(BK9=0, IF(BG9>=INDEX($BG$1:$BG$9, 6), "Qualified", "Eliminated"), IF(BL9<INDEX($BG$1:$BG$9, MATCH(6, $BG$1:$BG$9, 0)), "Eliminated", IF(BG9>_xlfn.AGGREGATE(14, 6, ($BG$1:$BG$9+$BK$1:$BK$9)/($BG$1:$BG$9<INDEX($BG$1:$BG$9, 6)), 1), "Qualified", "Chance")))) -> Qualified
A10: 8 | B10: =INDEX($BF$1:$BF$9,MATCH(ROW()-2,$BJ$1:$BJ$9,0)) -> GEEK | C10: =SUMPRODUCT(($C$14:$C$22=$B10)*ISNUMBER($D$14:$D$22)*ISNUMBER($E$14:$E$22)*($D$14:$D$22>$E$14:$E$22))+SUMPRODUCT(($F$14:$F$22=$B10)*ISNUMBER($D$14:$D$22)*ISNUMBER($E$14:$E$22)*($E$14:$E$22>$D$14:$D$22))+SUMPRODUCT(($I$14:$I$22=$B10)*ISNUMBER($J$14:$J$22)*ISNUMBER($K$14:$K$22)*($J$14:$J$22>$K$14:$K$22))+SUMPRODUCT(($L$14:$L$22=$B10)*ISNUMBER($J$14:$J$22)*ISNUMBER($K$14:$K$22)*($K$14:$K$22>$J$14:$J$22))+SUMPRODUCT(($O$14:$O$22=$B10)*ISNUMBER($P$14:$P$22)*ISNUMBER($Q$14:$Q$22)*($P$14:$P$22>$Q$14:$Q$22))+SUMPRODUCT(($R$14:$R$22=$B10)*ISNUMBER($P$14:$P$22)*ISNUMBER($Q$14:$Q$22)*($Q$14:$Q$22>$P$14:$P$22))+SUMPRODUCT(($C$25:$C$33=$B10)*ISNUMBER($D$25:$D$33)*ISNUMBER($E$25:$E$33)*($D$25:$D$33>$E$25:$E$33))+SUMPRODUCT(($F$25:$F$33=$B10)*ISNUMBER($D$25:$D$33)*ISNUMBER($E$25:$E$33)*($E$25:$E$33>$D$25:$D$33))+SUMPRODUCT(($I$25:$I$33=$B10)*ISNUMBER($J$25:$J$33)*ISNUMBER($K$25:$K$33)*($J$25:$J$33>$K$25:$K$33))+SUMPRODUCT(($L$25:$L$33=$B10)*ISNUMBER($J$25:$J$33)*ISNUMBER($K$25:$K$33)*($K$25:$K$33>$J$25:$J$33))+SUMPRODUCT(($O$25:$O$33=$B10)*ISNUMBER($P$25:$P$33)*ISNUMBER($Q$25:$Q$33)*($P$25:$P$33>$Q$25:$Q$33))+SUMPRODUCT(($R$25:$R$33=$B10)*ISNUMBER($P$25:$P$33)*ISNUMBER($Q$25:$Q$33)*($Q$25:$Q$33>$P$25:$P$33))+SUMPRODUCT(($C$36:$C$44=$B10)*ISNUMBER($D$36:$D$44)*ISNUMBER($E$36:$E$44)*($D$36:$D$44>$E$36:$E$44))+SUMPRODUCT(($F$36:$F$44=$B10)*ISNUMBER($D$36:$D$44)*ISNUMBER($E$36:$E$44)*($E$36:$E$44>$D$36:$D$44))+SUMPRODUCT(($I$36:$I$44=$B10)*ISNUMBER($J$36:$J$44)*ISNUMBER($K$36:$K$44)*($J$36:$J$44>$K$36:$K$44))+SUMPRODUCT(($L$36:$L$44=$B10)*ISNUMBER($J$36:$J$44)*ISNUMBER($K$36:$K$44)*($K$36:$K$44>$J$36:$J$44))+SUMPRODUCT(($O$36:$O$44=$B10)*ISNUMBER($P$36:$P$44)*ISNUMBER($Q$36:$Q$44)*($P$36:$P$44>$Q$36:$Q$44))+SUMPRODUCT(($R$36:$R$44=$B10)*ISNUMBER($P$36:$P$44)*ISNUMBER($Q$36:$Q$44)*($Q$36:$Q$44>$P$36:$P$44)) -> 3 | D10: =SUMPRODUCT(($C$14:$C$22=$B10)*ISNUMBER($D$14:$D$22)*ISNUMBER($E$14:$E$22)*($D$14:$D$22<$E$14:$E$22))+SUMPRODUCT(($F$14:$F$22=$B10)*ISNUMBER($D$14:$D$22)*ISNUMBER($E$14:$E$22)*($E$14:$E$22<$D$14:$D$22))+SUMPRODUCT(($I$14:$I$22=$B10)*ISNUMBER($J$14:$J$22)*ISNUMBER($K$14:$K$22)*($J$14:$J$22<$K$14:$K$22))+SUMPRODUCT(($L$14:$L$22=$B10)*ISNUMBER($J$14:$J$22)*ISNUMBER($K$14:$K$22)*($K$14:$K$22<$J$14:$J$22))+SUMPRODUCT(($O$14:$O$22=$B10)*ISNUMBER($P$14:$P$22)*ISNUMBER($Q$14:$Q$22)*($P$14:$P$22<$Q$14:$Q$22))+SUMPRODUCT(($R$14:$R$22=$B10)*ISNUMBER($P$14:$P$22)*ISNUMBER($Q$14:$Q$22)*($Q$14:$Q$22<$P$14:$P$22))+SUMPRODUCT(($C$25:$C$33=$B10)*ISNUMBER($D$25:$D$33)*ISNUMBER($E$25:$E$33)*($D$25:$D$33<$E$25:$E$33))+SUMPRODUCT(($F$25:$F$33=$B10)*ISNUMBER($D$25:$D$33)*ISNUMBER($E$25:$E$33)*($E$25:$E$33<$D$25:$D$33))+SUMPRODUCT(($I$25:$I$33=$B10)*ISNUMBER($J$25:$J$33)*ISNUMBER($K$25:$K$33)*($J$25:$J$33<$K$25:$K$33))+SUMPRODUCT(($L$25:$L$33=$B10)*ISNUMBER($J$25:$J$33)*ISNUMBER($K$25:$K$33)*($K$25:$K$33<$J$25:$K$33))+SUMPRODUCT(($O$25:$O$33=$B10)*ISNUMBER($P$25:$P$33)*ISNUMBER($Q$25:$Q$33)*($P$25:$P$33<$Q$25:$Q$33))+SUMPRODUCT(($R$25:$R$33=$B10)*ISNUMBER($P$25:$P$33)*ISNUMBER($Q$25:$Q$33)*($Q$25:$Q$33<$P$25:$P$33))+SUMPRODUCT(($C$36:$C$44=$B10)*ISNUMBER($D$36:$D$44)*ISNUMBER($E$36:$E$44)*($D$36:$D$44<$E$36:$E$44))+SUMPRODUCT(($F$36:$F$44=$B10)*ISNUMBER($D$36:$D$44)*ISNUMBER($E$36:$E$44)*($E$36:$E$44<$D$36:$D$44))+SUMPRODUCT(($I$36:$I$44=$B10)*ISNUMBER($J$36:$J$44)*ISNUMBER($K$36:$K$44)*($J$36:$J$44<$K$36:$K$44))+SUMPRODUCT(($L$36:$L$44=$B10)*ISNUMBER($J$36:$J$44)*ISNUMBER($K$36:$K$44)*($K$36:$K$44<$J$36:$J$44))+SUMPRODUCT(($O$36:$O$44=$B10)*ISNUMBER($P$36:$P$44)*ISNUMBER($Q$36:$Q$44)*($P$36:$P$44<$Q$36:$Q$44))+SUMPRODUCT(($R$36:$R$44=$B10)*ISNUMBER($P$36:$P$44)*ISNUMBER($Q$36:$Q$44)*($Q$36:$Q$44<$P$36:$P$44)) -> 10 | E10: =SUMIF($C$14:$C$22,$B10,$D$14:$D$22)+SUMIF($F$14:$F$22,$B10,$E$14:$E$22)+SUMIF($I$14:$I$22,$B10,$J$14:$J$22)+SUMIF($L$14:$L$22,$B10,$K$14:$K$22)+SUMIF($O$14:$O$22,$B10,$P$14:$P$22)+SUMIF($R$14:$R$22,$B10,$Q$14:$Q$22)+SUMIF($C$25:$C$33,$B10,$D$25:$D$33)+SUMIF($F$25:$F$33,$B10,$E$25:$E$33)+SUMIF($I$25:$I$33,$B10,$J$25:$J$33)+SUMIF($L$25:$L$33,$B10,$K$25:$K$33)+SUMIF($O$25:$O$33,$B10,$P$25:$P$33)+SUMIF($R$25:$R$33,$B10,$Q$25:$Q$33)+SUMIF($C$36:$C$44,$B10,$D$36:$D$44)+SUMIF($F$36:$F$44,$B10,$E$36:$E$44)+SUMIF($I$36:$I$44,$B10,$J$36:$J$44)+SUMIF($L$36:$L$44,$B10,$K$36:$K$44)+SUMIF($O$36:$O$44,$B10,$P$36:$P$44)+SUMIF($R$36:$R$44,$B10,$Q$36:$Q$44)+SUMIF($C$47:$C$55,$B4,$D$47:$D$55)+SUMIF($F$47:$F$55,$B4,$E$47:$E$55) -> 10 | F10: =SUMIF($C$14:$C$22,$B10,$E$14:$E$22)+SUMIF($F$14:$F$22,$B10,$D$14:$D$22)+SUMIF($I$14:$I$22,$B10,$K$14:$K$22)+SUMIF($L$14:$L$22,$B10,$J$14:$J$22)+SUMIF($O$14:$O$22,$B10,$Q$14:$Q$22)+SUMIF($R$14:$R$22,$B10,$P$14:$P$22)+SUMIF($C$25:$C$33,$B10,$E$25:$E$33)+SUMIF($F$25:$F$33,$B10,$D$25:$D$33)+SUMIF($I$25:$I$33,$B10,$K$25:$K$33)+SUMIF($L$25:$L$33,$B10,$J$25:$J$33)+SUMIF($O$25:$O$33,$B10,$Q$25:$Q$33)+SUMIF($R$25:$R$33,$B10,$P$25:$P$33)+SUMIF($C$36:$C$44,$B10,$E$36:$E$44)+SUMIF($F$36:$F$44,$B10,$D$36:$D$44)+SUMIF($I$36:$I$44,$B10,$K$36:$K$44)+SUMIF($L$36:$L$44,$B10,$J$36:$J$44)+SUMIF($O$36:$O$44,$B10,$Q$36:$Q$44)+SUMIF($R$36:$R$44,$B10,$P$36:$P$44)+SUMIF($C$47:$C$55,$B10,$E$47:$E$55)+SUMIF($F$47:$F$55,$B10,$D$47:$D$55) -> 22 | G10: =E10-F10 -> -12 | H10: =F68 -> Chance | J10: contact: amdilarahmadi@gmail.com | @pIp_laaa (instagram)
A11: 9 | B11: =INDEX($BF$1:$BF$9,MATCH(ROW()-2,$BJ$1:$BJ$9,0)) -> RRQ | C11: =SUMPRODUCT(($C$14:$C$22=$B11)*ISNUMBER($D$14:$D$22)*ISNUMBER($E$14:$E$22)*($D$14:$D$22>$E$14:$E$22))+SUMPRODUCT(($F$14:$F$22=$B11)*ISNUMBER($D$14:$D$22)*ISNUMBER($E$14:$E$22)*($E$14:$E$22>$D$14:$D$22))+SUMPRODUCT(($I$14:$I$22=$B11)*ISNUMBER($J$14:$J$22)*ISNUMBER($K$14:$K$22)*($J$14:$J$22>$K$14:$K$22))+SUMPRODUCT(($L$14:$L$22=$B11)*ISNUMBER($J$14:$J$22)*ISNUMBER($K$14:$K$22)*($K$14:$K$22>$J$14:$J$22))+SUMPRODUCT(($O$14:$O$22=$B11)*ISNUMBER($P$14:$P$22)*ISNUMBER($Q$14:$Q$22)*($P$14:$P$22>$Q$14:$Q$22))+SUMPRODUCT(($R$14:$R$22=$B11)*ISNUMBER($P$14:$P$22)*ISNUMBER($Q$14:$Q$22)*($Q$14:$Q$22>$P$14:$P$22))+SUMPRODUCT(($C$25:$C$33=$B11)*ISNUMBER($D$25:$D$33)*ISNUMBER($E$25:$E$33)*($D$25:$D$33>$E$25:$E$33))+SUMPRODUCT(($F$25:$F$33=$B11)*ISNUMBER($D$25:$D$33)*ISNUMBER($E$25:$E$33)*($E$25:$E$33>$D$25:$D$33))+SUMPRODUCT(($I$25:$I$33=$B11)*ISNUMBER($J$25:$J$33)*ISNUMBER($K$25:$K$33)*($J$25:$J$33>$K$25:$K$33))+SUMPRODUCT(($L$25:$L$33=$B11)*ISNUMBER($J$25:$J$33)*ISNUMBER($K$25:$K$33)*($K$25:$K$33>$J$25:$J$33))+SUMPRODUCT(($O$25:$O$33=$B11)*ISNUMBER($P$25:$P$33)*ISNUMBER($Q$25:$Q$33)*($P$25:$P$33>$Q$25:$Q$33))+SUMPRODUCT(($R$25:$R$33=$B11)*ISNUMBER($P$25:$P$33)*ISNUMBER($Q$25:$Q$33)*($Q$25:$Q$33>$P$25:$P$33))+SUMPRODUCT(($C$36:$C$44=$B11)*ISNUMBER($D$36:$D$44)*ISNUMBER($E$36:$E$44)*($D$36:$D$44>$E$36:$E$44))+SUMPRODUCT(($F$36:$F$44=$B11)*ISNUMBER($D$36:$D$44)*ISNUMBER($E$36:$E$44)*($E$36:$E$44>$D$36:$D$44))+SUMPRODUCT(($I$36:$I$44=$B11)*ISNUMBER($J$36:$J$44)*ISNUMBER($K$36:$K$44)*($J$36:$J$44>$K$36:$K$44))+SUMPRODUCT(($L$36:$L$44=$B11)*ISNUMBER($J$36:$J$44)*ISNUMBER($K$36:$K$44)*($K$36:$K$44>$J$36:$J$44))+SUMPRODUCT(($O$36:$O$44=$B11)*ISNUMBER($P$36:$P$44)*ISNUMBER($Q$36:$Q$44)*($P$36:$P$44>$Q$36:$Q$44))+SUMPRODUCT(($R$36:$R$44=$B11)*ISNUMBER($P$36:$P$44)*ISNUMBER($Q$36:$Q$44)*($Q$36:$Q$44>$P$36:$P$44)) -> 3 | D11: =SUMPRODUCT(($C$14:$C$22=$B11)*ISNUMBER($D$14:$D$22)*ISNUMBER($E$14:$E$22)*($D$14:$D$22<$E$14:$E$22))+SUMPRODUCT(($F$14:$F$22=$B11)*ISNUMBER($D$14:$D$22)*ISNUMBER($E$14:$E$22)*($E$14:$E$22<$D$14:$D$22))+SUMPRODUCT(($I$14:$I$22=$B11)*ISNUMBER($J$14:$J$22)*ISNUMBER($K$14:$K$22)*($J$14:$J$22<$K$14:$K$22))+SUMPRODUCT(($L$14:$L$22=$B11)*ISNUMBER($J$14:$J$22)*ISNUMBER($K$14:$K$22)*($K$14:$K$22<$J$14:$J$22))+SUMPRODUCT(($O$14:$O$22=$B11)*ISNUMBER($P$14:$P$22)*ISNUMBER($Q$14:$Q$22)*($P$14:$P$22<$Q$14:$Q$22))+SUMPRODUCT(($R$14:$R$22=$B11)*ISNUMBER($P$14:$P$22)*ISNUMBER($Q$14:$Q$22)*($Q$14:$Q$22<$P$14:$P$22))+SUMPRODUCT(($C$25:$C$33=$B11)*ISNUMBER($D$25:$D$33)*ISNUMBER($E$25:$E$33)*($D$25:$D$33<$E$25:$E$33))+SUMPRODUCT(($F$25:$F$33=$B11)*ISNUMBER($D$25:$D$33)*ISNUMBER($E$25:$E$33)*($E$25:$E$33<$D$25:$D$33))+SUMPRODUCT(($I$25:$I$33=$B11)*ISNUMBER($J$25:$J$33)*ISNUMBER($K$25:$K$33)*($J$25:$J$33<$K$25:$K$33))+SUMPRODUCT(($L$25:$L$33=$B11)*ISNUMBER($J$25:$J$33)*ISNUMBER($K$25:$K$33)*($K$25:$K$33<$J$25:$K$33))+SUMPRODUCT(($O$25:$O$33=$B11)*ISNUMBER($P$25:$P$33)*ISNUMBER($Q$25:$Q$33)*($P$25:$P$33<$Q$25:$Q$33))+SUMPRODUCT(($R$25:$R$33=$B11)*ISNUMBER($P$25:$P$33)*ISNUMBER($Q$25:$Q$33)*($Q$25:$Q$33<$P$25:$P$33))+SUMPRODUCT(($C$36:$C$44=$B11)*ISNUMBER($D$36:$D$44)*ISNUMBER($E$36:$E$44)*($D$36:$D$44<$E$36:$E$44))+SUMPRODUCT(($F$36:$F$44=$B11)*ISNUMBER($D$36:$D$44)*ISNUMBER($E$36:$E$44)*($E$36:$E$44<$D$36:$D$44))+SUMPRODUCT(($I$36:$I$44=$B11)*ISNUMBER($J$36:$J$44)*ISNUMBER($K$36:$K$44)*($J$36:$J$44<$K$36:$K$44))+SUMPRODUCT(($L$36:$L$44=$B11)*ISNUMBER($J$36:$J$44)*ISNUMBER($K$36:$K$44)*($K$36:$K$44<$J$36:$J$44))+SUMPRODUCT(($O$36:$O$44=$B11)*ISNUMBER($P$36:$P$44)*ISNUMBER($Q$36:$Q$44)*($P$36:$P$44<$Q$36:$Q$44))+SUMPRODUCT(($R$36:$R$44=$B11)*ISNUMBER($P$36:$P$44)*ISNUMBER($Q$36:$Q$44)*($Q$36:$Q$44<$P$36:$P$44)) -> 10 | E11: =SUMIF($C$14:$C$22,$B11,$D$14:$D$22)+SUMIF($F$14:$F$22,$B11,$E$14:$E$22)+SUMIF($I$14:$I$22,$B11,$J$14:$J$22)+SUMIF($L$14:$L$22,$B11,$K$14:$K$22)+SUMIF($O$14:$O$22,$B11,$P$14:$P$22)+SUMIF($R$14:$R$22,$B11,$Q$14:$Q$22)+SUMIF($C$25:$C$33,$B11,$D$25:$D$33)+SUMIF($F$25:$F$33,$B11,$E$25:$E$33)+SUMIF($I$25:$I$33,$B11,$J$25:$J$33)+SUMIF($L$25:$L$33,$B11,$K$25:$K$33)+SUMIF($O$25:$O$33,$B11,$P$25:$P$33)+SUMIF($R$25:$R$33,$B11,$Q$25:$Q$33)+SUMIF($C$36:$C$44,$B11,$D$36:$D$44)+SUMIF($F$36:$F$44,$B11,$E$36:$E$44)+SUMIF($I$36:$I$44,$B11,$J$36:$J$44)+SUMIF($L$36:$L$44,$B11,$K$36:$K$44)+SUMIF($O$36:$O$44,$B11,$P$36:$P$44)+SUMIF($R$36:$R$44,$B11,$Q$36:$Q$44)+SUMIF($C$47:$C$55,$B5,$D$47:$D$55)+SUMIF($F$47:$F$55,$B5,$E$47:$E$55) -> 10 | F11: =SUMIF($C$14:$C$22,$B11,$E$14:$E$22)+SUMIF($F$14:$F$22,$B11,$D$14:$D$22)+SUMIF($I$14:$I$22,$B11,$K$14:$K$22)+SUMIF($L$14:$L$22,$B11,$J$14:$J$22)+SUMIF($O$14:$O$22,$B11,$Q$14:$Q$22)+SUMIF($R$14:$R$22,$B11,$P$14:$P$22)+SUMIF($C$25:$C$33,$B11,$E$25:$E$33)+SUMIF($F$25:$F$33,$B11,$D$25:$D$33)+SUMIF($I$25:$I$33,$B11,$K$25:$K$33)+SUMIF($L$25:$L$33,$B11,$J$25:$J$33)+SUMIF($O$25:$O$33,$B11,$Q$25:$Q$33)+SUMIF($R$25:$R$33,$B11,$P$25:$P$33)+SUMIF($C$36:$C$44,$B11,$E$36:$E$44)+SUMIF($F$36:$F$44,$B11,$D$36:$D$44)+SUMIF($I$36:$I$44,$B11,$K$36:$K$44)+SUMIF($L$36:$L$44,$B11,$J$36:$J$44)+SUMIF($O$36:$O$44,$B11,$Q$36:$Q$44)+SUMIF($R$36:$R$44,$B11,$P$36:$P$44)+SUMIF($C$47:$C$55,$B11,$E$47:$E$55)+SUMIF($F$47:$F$55,$B11,$D$47:$D$55) -> 22 | G11: =E11-F11 -> -12 | H11: =F69 -> Chance
BG12: AE | BH12: BTR by VIT | BI12: DEWA | BJ12: EVOS | BK12: GEEK | BL12: NAVI | BM12: ONIC | BN12: RRQ | BO12: TLID
B13: Week 1 | H13: Week 2 | N13: Week 3 | BF13: AE | BG13: =SUMPRODUCT(($C$14:$C$22=$BF13)*($F$14:$F$22=BG$12)*($D$14:$D$22>$E$14:$E$22))+SUMPRODUCT(($F$14:$F$22=$BF13)*($C$14:$C$22=BG$12)*($E$14:$E$22>$D$14:$D$22))+SUMPRODUCT(($I$14:$I$22=$BF13)*($L$14:$L$22=BG$12)*($J$14:$J$22>$K$14:$K$22))+SUMPRODUCT(($L$14:$L$22=$BF13)*($I$14:$I$22=BG$12)*($K$14:$K$22>$J$14:$J$22))+SUMPRODUCT(($O$14:$O$22=$BF13)*($R$14:$R$22=BG$12)*($P$14:$P$22>$Q$14:$Q$22))+SUMPRODUCT(($R$14:$R$22=$BF13)*($O$14:$O$22=BG$12)*($Q$14:$Q$22>$P$14:$P$22))+SUMPRODUCT(($C$25:$C$33=$BF13)*($F$25:$F$33=BG$12)*($D$25:$D$33>$E$25:$E$33))+SUMPRODUCT(($F$25:$F$33=$BF13)*($C$25:$C$33=BG$12)*($E$25:$E$33>$D$25:$D$33))+SUMPRODUCT(($I$25:$I$33=$BF13)*($L$25:$L$33=BG$12)*($J$25:$J$33>$K$25:$K$33))+SUMPRODUCT(($L$25:$L$33=$BF13)*($I$25:$I$33=BG$12)*($K$25:$K$33>$J$25:$J$33))+SUMPRODUCT(($O$25:$O$33=$BF13)*($R$25:$R$33=BG$12)*($P$25:$P$33>$Q$25:$Q$33))+SUMPRODUCT(($R$25:$R$33=$BF13)*($O$25:$O$33=BG$12)*($Q$25:$Q$33>$P$25:$P$33))+SUMPRODUCT(($C$37:$C$45=$BF13)*($F$37:$F$45=BG$12)*($D$37:$D$45>$E$37:$E$45))+SUMPRODUCT(($F$37:$F$45=$BF13)*($C$37:$C$45=BG$12)*($E$37:$E$45>$D$37:$D$45))+SUMPRODUCT(($I$37:$I$45=$BF13)*($L$37:$L$45=BG$12)*($J$37:$J$45>$K$37:$K$45))+SUMPRODUCT(($L$37:$L$45=$BF13)*($I$37:$I$45=BG$12)*($K$37:$K$45>$J$37:$J$45))+SUMPRODUCT(($O$37:$O$45=$BF13)*($R$37:$R$45=BG$12)*($P$37:$P$45>$Q$37:$Q$45))+SUMPRODUCT(($R$37:$R$45=$BF13)*($O$37:$O$45=BG$12)*($Q$37:$Q$45>$P$37:$P$45)) -> 0 | BH13: =SUMPRODUCT(($C$14:$C$22=$BF13)*($F$14:$F$22=BH$12)*($D$14:$D$22>$E$14:$E$22))+SUMPRODUCT(($F$14:$F$22=$BF13)*($C$14:$C$22=BH$12)*($E$14:$E$22>$D$14:$D$22))+SUMPRODUCT(($I$14:$I$22=$BF13)*($L$14:$L$22=BH$12)*($J$14:$J$22>$K$14:$K$22))+SUMPRODUCT(($L$14:$L$22=$BF13)*($I$14:$I$22=BH$12)*($K$14:$K$22>$J$14:$J$22))+SUMPRODUCT(($O$14:$O$22=$BF13)*($R$14:$R$22=BH$12)*($P$14:$P$22>$Q$14:$Q$22))+SUMPRODUCT(($R$14:$R$22=$BF13)*($O$14:$O$22=BH$12)*($Q$14:$Q$22>$P$14:$P$22))+SUMPRODUCT(($C$25:$C$33=$BF13)*($F$25:$F$33=BH$12)*($D$25:$D$33>$E$25:$E$33))+SUMPRODUCT(($F$25:$F$33=$BF13)*($C$25:$C$33=BH$12)*($E$25:$E$33>$D$25:$D$33))+SUMPRODUCT(($I$25:$I$33=$BF13)*($L$25:$L$33=BH$12)*($J$25:$J$33>$K$25:$K$33))+SUMPRODUCT(($L$25:$L$33=$BF13)*($I$25:$I$33=BH$12)*($K$25:$K$33>$J$25:$J$33))+SUMPRODUCT(($O$25:$O$33=$BF13)*($R$25:$R$33=BH$12)*($P$25:$P$33>$Q$25:$Q$33))+SUMPRODUCT(($R$25:$R$33=$BF13)*($O$25:$O$33=BH$12)*($Q$25:$Q$33>$P$25:$P$33))+SUMPRODUCT(($C$37:$C$45=$BF13)*($F$37:$F$45=BH$12)*($D$37:$D$45>$E$37:$E$45))+SUMPRODUCT(($F$37:$F$45=$BF13)*($C$37:$C$45=BH$12)*($E$37:$E$45>$D$37:$D$45))+SUMPRODUCT(($I$37:$I$45=$BF13)*($L$37:$L$45=BH$12)*($J$37:$J$45>$K$37:$K$45))+SUMPRODUCT(($L$37:$L$45=$BF13)*($I$37:$I$45=BH$12)*($K$37:$K$45>$J$37:$J$45))+SUMPRODUCT(($O$37:$O$45=$BF13)*($R$37:$R$45=BH$12)*($P$37:$P$45>$Q$37:$Q$45))+SUMPRODUCT(($R$37:$R$45=$BF13)*($O$37:$O$45=BH$12)*($Q$37:$Q$45>$P$37:$P$45)) -> 1 | BI13: =SUMPRODUCT(($C$14:$C$22=$BF13)*($F$14:$F$22=BI$12)*($D$14:$D$22>$E$14:$E$22))+SUMPRODUCT(($F$14:$F$22=$BF13)*($C$14:$C$22=BI$12)*($E$14:$E$22>$D$14:$D$22))+SUMPRODUCT(($I$14:$I$22=$BF13)*($L$14:$L$22=BI$12)*($J$14:$J$22>$K$14:$K$22))+SUMPRODUCT(($L$14:$L$22=$BF13)*($I$14:$I$22=BI$12)*($K$14:$K$22>$J$14:$J$22))+SUMPRODUCT(($O$14:$O$22=$BF13)*($R$14:$R$22=BI$12)*($P$14:$P$22>$Q$14:$Q$22))+SUMPRODUCT(($R$14:$R$22=$BF13)*($O$14:$O$22=BI$12)*($Q$14:$Q$22>$P$14:$P$22))+SUMPRODUCT(($C$25:$C$33=$BF13)*($F$25:$F$33=BI$12)*($D$25:$D$33>$E$25:$E$33))+SUMPRODUCT(($F$25:$F$33=$BF13)*($C$25:$C$33=BI$12)*($E$25:$E$33>$D$25:$D$33))+SUMPRODUCT(($I$25:$I$33=$BF13)*($L$25:$L$33=BI$12)*($J$25:$J$33>$K$25:$K$33))+SUMPRODUCT(($L$25:$L$33=$BF13)*($I$25:$I$33=BI$12)*($K$25:$K$33>$J$25:$J$33))+SUMPRODUCT(($O$25:$O$33=$BF13)*($R$25:$R$33=BI$12)*($P$25:$P$33>$Q$25:$Q$33))+SUMPRODUCT(($R$25:$R$33=$BF13)*($O$25:$O$33=BI$12)*($Q$25:$Q$33>$P$25:$P$33))+SUMPRODUCT(($C$37:$C$45=$BF13)*($F$37:$F$45=BI$12)*($D$37:$D$45>$E$37:$E$45))+SUMPRODUCT(($F$37:$F$45=$BF13)*($C$37:$C$45=BI$12)*($E$37:$E$45>$D$37:$D$45))+SUMPRODUCT(($I$37:$I$45=$BF13)*($L$37:$L$45=BI$12)*($J$37:$J$45>$K$37:$K$45))+SUMPRODUCT(($L$37:$L$45=$BF13)*($I$37:$I$45=BI$12)*($K$37:$K$45>$J$37:$J$45))+SUMPRODUCT(($O$37:$O$45=$BF13)*($R$37:$R$45=BI$12)*($P$37:$P$45>$Q$37:$Q$45))+SUMPRODUCT(($R$37:$R$45=$BF13)*($O$37:$O$45=BI$12)*($Q$37:$Q$45>$P$37:$P$45)) -> 1 | BJ13: =SUMPRODUCT(($C$14:$C$22=$BF13)*($F$14:$F$22=BJ$12)*($D$14:$D$22>$E$14:$E$22))+SUMPRODUCT(($F$14:$F$22=$BF13)*($C$14:$C$22=BJ$12)*($E$14:$E$22>$D$14:$D$22))+SUMPRODUCT(($I$14:$I$22=$BF13)*($L$14:$L$22=BJ$12)*($J$14:$J$22>$K$14:$K$22))+SUMPRODUCT(($L$14:$L$22=$BF13)*($I$14:$I$22=BJ$12)*($K$14:$K$22>$J$14:$J$22))+SUMPRODUCT(($O$14:$O$22=$BF13)*($R$14:$R$22=BJ$12)*($P$14:$P$22>$Q$14:$Q$22))+SUMPRODUCT(($R$14:$R$22=$BF13)*($O$14:$O$22=BJ$12)*($Q$14:$Q$22>$P$14:$P$22))+SUMPRODUCT(($C$25:$C$33=$BF13)*($F$25:$F$33=BJ$12)*($D$25:$D$33>$E$25:$E$33))+SUMPRODUCT(($F$25:$F$33=$BF13)*($C$25:$C$33=BJ$12)*($E$25:$E$33>$D$25:$D$33))+SUMPRODUCT(($I$25:$I$33=$BF13)*($L$25:$L$33=BJ$12)*($J$25:$J$33>$K$25:$K$33))+SUMPRODUCT(($L$25:$L$33=$BF13)*($I$25:$I$33=BJ$12)*($K$25:$K$33>$J$25:$J$33))+SUMPRODUCT(($O$25:$O$33=$BF13)*($R$25:$R$33=BJ$12)*($P$25:$P$33>$Q$25:$Q$33))+SUMPRODUCT(($R$25:$R$33=$BF13)*($O$25:$O$33=BJ$12)*($Q$25:$Q$33>$P$25:$P$33))+SUMPRODUCT(($C$37:$C$45=$BF13)*($F$37:$F$45=BJ$12)*($D$37:$D$45>$E$37:$E$45))+SUMPRODUCT(($F$37:$F$45=$BF13)*($C$37:$C$45=BJ$12)*($E$37:$E$45>$D$37:$D$45))+SUMPRODUCT(($I$37:$I$45=$BF13)*($L$37:$L$45=BJ$12)*($J$37:$J$45>$K$37:$K$45))+SUMPRODUCT(($L$37:$L$45=$BF13)*($I$37:$I$45=BJ$12)*($K$37:$K$45>$J$37:$J$45))+SUMPRODUCT(($O$37:$O$45=$BF13)*($R$37:$R$45=BJ$12)*($P$37:$P$45>$Q$37:$Q$45))+SUMPRODUCT(($R$37:$R$45=$BF13)*($O$37:$O$45=BJ$12)*($Q$37:$Q$45>$P$37:$P$45)) -> 1 | BK13: =SUMPRODUCT(($C$14:$C$22=$BF13)*($F$14:$F$22=BK$12)*($D$14:$D$22>$E$14:$E$22))+SUMPRODUCT(($F$14:$F$22=$BF13)*($C$14:$C$22=BK$12)*($E$14:$E$22>$D$14:$D$22))+SUMPRODUCT(($I$14:$I$22=$BF13)*($L$14:$L$22=BK$12)*($J$14:$J$22>$K$14:$K$22))+SUMPRODUCT(($L$14:$L$22=$BF13)*($I$14:$I$22=BK$12)*($K$14:$K$22>$J$14:$J$22))+SUMPRODUCT(($O$14:$O$22=$BF13)*($R$14:$R$22=BK$12)*($P$14:$P$22>$Q$14:$Q$22))+SUMPRODUCT(($R$14:$R$22=$BF13)*($O$14:$O$22=BK$12)*($Q$14:$Q$22>$P$14:$P$22))+SUMPRODUCT(($C$25:$C$33=$BF13)*($F$25:$F$33=BK$12)*($D$25:$D$33>$E$25:$E$33))+SUMPRODUCT(($F$25:$F$33=$BF13)*($C$25:$C$33=BK$12)*($E$25:$E$33>$D$25:$D$33))+SUMPRODUCT(($I$25:$I$33=$BF13)*($L$25:$L$33=BK$12)*($J$25:$J$33>$K$25:$K$33))+SUMPRODUCT(($L$25:$L$33=$BF13)*($I$25:$I$33=BK$12)*($K$25:$K$33>$J$25:$J$33))+SUMPRODUCT(($O$25:$O$33=$BF13)*($R$25:$R$33=BK$12)*($P$25:$P$33>$Q$25:$Q$33))+SUMPRODUCT(($R$25:$R$33=$BF13)*($O$25:$O$33=BK$12)*($Q$25:$Q$33>$P$25:$P$33))+SUMPRODUCT(($C$37:$C$45=$BF13)*($F$37:$F$45=BK$12)*($D$37:$D$45>$E$37:$E$45))+SUMPRODUCT(($F$37:$F$45=$BF13)*($C$37:$C$45=BK$12)*($E$37:$E$45>$D$37:$D$45))+SUMPRODUCT(($I$37:$I$45=$BF13)*($L$37:$L$45=BK$12)*($J$37:$J$45>$K$37:$K$45))+SUMPRODUCT(($L$37:$L$45=$BF13)*($I$37:$I$45=BK$12)*($K$37:$K$45>$J$37:$J$45))+SUMPRODUCT(($O$37:$O$45=$BF13)*($R$37:$R$45=BK$12)*($P$37:$P$45>$Q$37:$Q$45))+SUMPRODUCT(($R$37:$R$45=$BF13)*($O$37:$O$45=BK$12)*($Q$37:$Q$45>$P$37:$P$45)) -> 1 | BL13: =SUMPRODUCT(($C$14:$C$22=$BF13)*($F$14:$F$22=BL$12)*($D$14:$D$22>$E$14:$E$22))+SUMPRODUCT(($F$14:$F$22=$BF13)*($C$14:$C$22=BL$12)*($E$14:$E$22>$D$14:$D$22))+SUMPRODUCT(($I$14:$I$22=$BF13)*($L$14:$L$22=BL$12)*($J$14:$J$22>$K$14:$K$22))+SUMPRODUCT(($L$14:$L$22=$BF13)*($I$14:$I$22=BL$12)*($K$14:$K$22>$J$14:$J$22))+SUMPRODUCT(($O$14:$O$22=$BF13)*($R$14:$R$22=BL$12)*($P$14:$P$22>$Q$14:$Q$22))+SUMPRODUCT(($R$14:$R$22=$BF13)*($O$14:$O$22=BL$12)*($Q$14:$Q$22>$P$14:$P$22))+SUMPRODUCT(($C$25:$C$33=$BF13)*($F$25:$F$33=BL$12)*($D$25:$D$33>$E$25:$E$33))+SUMPRODUCT(($F$25:$F$33=$BF13)*($C$25:$C$33=BL$12)*($E$25:$E$33>$D$25:$D$33))+SUMPRODUCT(($I$25:$I$33=$BF13)*($L$25:$L$33=BL$12)*($J$25:$J$33>$K$25:$K$33))+SUMPRODUCT(($L$25:$L$33=$BF13)*($I$25:$I$33=BL$12)*($K$25:$K$33>$J$25:$J$33))+SUMPRODUCT(($O$25:$O$33=$BF13)*($R$25:$R$33=BL$12)*($P$25:$P$33>$Q$25:$Q$33))+SUMPRODUCT(($R$25:$R$33=$BF13)*($O$25:$O$33=BL$12)*($Q$25:$Q$33>$P$25:$P$33))+SUMPRODUCT(($C$37:$C$45=$BF13)*($F$37:$F$45=BL$12)*($D$37:$D$45>$E$37:$E$45))+SUMPRODUCT(($F$37:$F$45=$BF13)*($C$37:$C$45=BL$12)*($E$37:$E$45>$D$37:$D$45))+SUMPRODUCT(($I$37:$I$45=$BF13)*($L$37:$L$45=BL$12)*($J$37:$J$45>$K$37:$K$45))+SUMPRODUCT(($L$37:$L$45=$BF13)*($I$37:$I$45=BL$12)*($K$37:$K$45>$J$37:$J$45))+SUMPRODUCT(($O$37:$O$45=$BF13)*($R$37:$R$45=BL$12)*($P$37:$P$45>$Q$37:$Q$45))+SUMPRODUCT(($R$37:$R$45=$BF13)*($O$37:$O$45=BL$12)*($Q$37:$Q$45>$P$37:$P$45)) -> 1 | BM13: =SUMPRODUCT(($C$14:$C$22=$BF13)*($F$14:$F$22=BM$12)*($D$14:$D$22>$E$14:$E$22))+SUMPRODUCT(($F$14:$F$22=$BF13)*($C$14:$C$22=BM$12)*($E$14:$E$22>$D$14:$D$22))+SUMPRODUCT(($I$14:$I$22=$BF13)*($L$14:$L$22=BM$12)*($J$14:$J$22>$K$14:$K$22))+SUMPRODUCT(($L$14:$L$22=$BF13)*($I$14:$I$22=BM$12)*($K$14:$K$22>$J$14:$J$22))+SUMPRODUCT(($O$14:$O$22=$BF13)*($R$14:$R$22=BM$12)*($P$14:$P$22>$Q$14:$Q$22))+SUMPRODUCT(($R$14:$R$22=$BF13)*($O$14:$O$22=BM$12)*($Q$14:$Q$22>$P$14:$P$22))+SUMPRODUCT(($C$25:$C$33=$BF13)*($F$25:$F$33=BM$12)*($D$25:$D$33>$E$25:$E$33))+SUMPRODUCT(($F$25:$F$33=$BF13)*($C$25:$C$33=BM$12)*($E$25:$E$33>$D$25:$D$33))+SUMPRODUCT(($I$25:$I$33=$BF13)*($L$25:$L$33=BM$12)*($J$25:$J$33>$K$25:$K$33))+SUMPRODUCT(($L$25:$L$33=$BF13)*($I$25:$I$33=BM$12)*($K$25:$K$33>$J$25:$J$33))+SUMPRODUCT(($O$25:$O$33=$BF13)*($R$25:$R$33=BM$12)*($P$25:$P$33>$Q$25:$Q$33))+SUMPRODUCT(($R$25:$R$33=$BF13)*($O$25:$O$33=BM$12)*($Q$25:$Q$33>$P$25:$P$33))+SUMPRODUCT(($C$37:$C$45=$BF13)*($F$37:$F$45=BM$12)*($D$37:$D$45>$E$37:$E$45))+SUMPRODUCT(($F$37:$F$45=$BF13)*($C$37:$C$45=BM$12)*($E$37:$E$45>$D$37:$D$45))+SUMPRODUCT(($I$37:$I$45=$BF13)*($L$37:$L$45=BM$12)*($J$37:$J$45>$K$37:$K$45))+SUMPRODUCT(($L$37:$L$45=$BF13)*($I$37:$I$45=BM$12)*($K$37:$K$45>$J$37:$J$45))+SUMPRODUCT(($O$37:$O$45=$BF13)*($R$37:$R$45=BM$12)*($P$37:$P$45>$Q$37:$Q$45))+SUMPRODUCT(($R$37:$R$45=$BF13)*($O$37:$O$45=BM$12)*($Q$37:$Q$45>$P$37:$P$45)) -> 1 | BN13: =SUMPRODUCT(($C$14:$C$22=$BF13)*($F$14:$F$22=BN$12)*($D$14:$D$22>$E$14:$E$22))+SUMPRODUCT(($F$14:$F$22=$BF13)*($C$14:$C$22=BN$12)*($E$14:$E$22>$D$14:$D$22))+SUMPRODUCT(($I$14:$I$22=$BF13)*($L$14:$L$22=BN$12)*($J$14:$J$22>$K$14:$K$22))+SUMPRODUCT(($L$14:$L$22=$BF13)*($I$14:$I$22=BN$12)*($K$14:$K$22>$J$14:$J$22))+SUMPRODUCT(($O$14:$O$22=$BF13)*($R$14:$R$22=BN$12)*($P$14:$P$22>$Q$14:$Q$22))+SUMPRODUCT(($R$14:$R$22=$BF13)*($O$14:$O$22=BN$12)*($Q$14:$Q$22>$P$14:$P$22))+SUMPRODUCT(($C$25:$C$33=$BF13)*($F$25:$F$33=BN$12)*($D$25:$D$33>$E$25:$E$33))+SUMPRODUCT(($F$25:$F$33=$BF13)*($C$25:$C$33=BN$12)*($E$25:$E$33>$D$25:$D$33))+SUMPRODUCT(($I$25:$I$33=$BF13)*($L$25:$L$33=BN$12)*($J$25:$J$33>$K$25:$K$33))+SUMPRODUCT(($L$25:$L$33=$BF13)*($I$25:$I$33=BN$12)*($K$25:$K$33>$J$25:$J$33))+SUMPRODUCT(($O$25:$O$33=$BF13)*($R$25:$R$33=BN$12)*($P$25:$P$33>$Q$25:$Q$33))+SUMPRODUCT(($R$25:$R$33=$BF13)*($O$25:$O$33=BN$12)*($Q$25:$Q$33>$P$25:$P$33))+SUMPRODUCT(($C$37:$C$45=$BF13)*($F$37:$F$45=BN$12)*($D$37:$D$45>$E$37:$E$45))+SUMPRODUCT(($F$37:$F$45=$BF13)*($C$37:$C$45=BN$12)*($E$37:$E$45>$D$37:$D$45))+SUMPRODUCT(($I$37:$I$45=$BF13)*($L$37:$L$45=BN$12)*($J$37:$J$45>$K$37:$K$45))+SUMPRODUCT(($L$37:$L$45=$BF13)*($I$37:$I$45=BN$12)*($K$37:$K$45>$J$37:$J$45))+SUMPRODUCT(($O$37:$O$45=$BF13)*($R$37:$R$45=BN$12)*($P$37:$P$45>$Q$37:$Q$45))+SUMPRODUCT(($R$37:$R$45=$BF13)*($O$37:$O$45=BN$12)*($Q$37:$Q$45>$P$37:$P$45)) -> 2 | BO13: =SUMPRODUCT(($C$14:$C$22=$BF13)*($F$14:$F$22=BO$12)*($D$14:$D$22>$E$14:$E$22))+SUMPRODUCT(($F$14:$F$22=$BF13)*($C$14:$C$22=BO$12)*($E$14:$E$22>$D$14:$D$22))+SUMPRODUCT(($I$14:$I$22=$BF13)*($L$14:$L$22=BO$12)*($J$14:$J$22>$K$14:$K$22))+SUMPRODUCT(($L$14:$L$22=$BF13)*($I$14:$I$22=BO$12)*($K$14:$K$22>$J$14:$J$22))+SUMPRODUCT(($O$14:$O$22=$BF13)*($R$14:$R$22=BO$12)*($P$14:$P$22>$Q$14:$Q$22))+SUMPRODUCT(($R$14:$R$22=$BF13)*($O$14:$O$22=BO$12)*($Q$14:$Q$22>$P$14:$P$22))+SUMPRODUCT(($C$25:$C$33=$BF13)*($F$25:$F$33=BO$12)*($D$25:$D$33>$E$25:$E$33))+SUMPRODUCT(($F$25:$F$33=$BF13)*($C$25:$C$33=BO$12)*($E$25:$E$33>$D$25:$D$33))+SUMPRODUCT(($I$25:$I$33=$BF13)*($L$25:$L$33=BO$12)*($J$25:$J$33>$K$25:$K$33))+SUMPRODUCT(($L$25:$L$33=$BF13)*($I$25:$I$33=BO$12)*($K$25:$K$33>$J$25:$J$33))+SUMPRODUCT(($O$25:$O$33=$BF13)*($R$25:$R$33=BO$12)*($P$25:$P$33>$Q$25:$Q$33))+SUMPRODUCT(($R$25:$R$33=$BF13)*($O$25:$O$33=BO$12)*($Q$25:$Q$33>$P$25:$P$33))+SUMPRODUCT(($C$37:$C$45=$BF13)*($F$37:$F$45=BO$12)*($D$37:$D$45>$E$37:$E$45))+SUMPRODUCT(($F$37:$F$45=$BF13)*($C$37:$C$45=BO$12)*($E$37:$E$45>$D$37:$D$45))+SUMPRODUCT(($I$37:$I$45=$BF13)*($L$37:$L$45=BO$12)*($J$37:$J$45>$K$37:$K$45))+SUMPRODUCT(($L$37:$L$45=$BF13)*($I$37:$I$45=BO$12)*($K$37:$K$45>$J$37:$J$45))+SUMPRODUCT(($O$37:$O$45=$BF13)*($R$37:$R$45=BO$12)*($P$37:$P$45>$Q$37:$Q$45))+SUMPRODUCT(($R$37:$R$45=$BF13)*($O$37:$O$45=BO$12)*($Q$37:$Q$45>$P$37:$P$45)) -> 0
B14: Day 1 | C14: EVOS | D14: 2 | E14: 0 | F14: RRQ | H14: Day 1 | I14: TLID | J14: 0 | K14: 2 | L14: NAVI | N14: Day 1 | O14: BTR by VIT | P14: 2 | Q14: 0 | R14: NAVI | BF14: BTR by VIT | BG14: =SUMPRODUCT(($C$14:$C$22=$BF14)*($F$14:$F$22=BG$12)*($D$14:$D$22>$E$14:$E$22))+SUMPRODUCT(($F$14:$F$22=$BF14)*($C$14:$C$22=BG$12)*($E$14:$E$22>$D$14:$D$22))+SUMPRODUCT(($I$14:$I$22=$BF14)*($L$14:$L$22=BG$12)*($J$14:$J$22>$K$14:$K$22))+SUMPRODUCT(($L$14:$L$22=$BF14)*($I$14:$I$22=BG$12)*($K$14:$K$22>$J$14:$J$22))+SUMPRODUCT(($O$14:$O$22=$BF14)*($R$14:$R$22=BG$12)*($P$14:$P$22>$Q$14:$Q$22))+SUMPRODUCT(($R$14:$R$22=$BF14)*($O$14:$O$22=BG$12)*($Q$14:$Q$22>$P$14:$P$22))+SUMPRODUCT(($C$25:$C$33=$BF14)*($F$25:$F$33=BG$12)*($D$25:$D$33>$E$25:$E$33))+SUMPRODUCT(($F$25:$F$33=$BF14)*($C$25:$C$33=BG$12)*($E$25:$E$33>$D$25:$D$33))+SUMPRODUCT(($I$25:$I$33=$BF14)*($L$25:$L$33=BG$12)*($J$25:$J$33>$K$25:$K$33))+SUMPRODUCT(($L$25:$L$33=$BF14)*($I$25:$I$33=BG$12)*($K$25:$K$33>$J$25:$J$33))+SUMPRODUCT(($O$25:$O$33=$BF14)*($R$25:$R$33=BG$12)*($P$25:$P$33>$Q$25:$Q$33))+SUMPRODUCT(($R$25:$R$33=$BF14)*($O$25:$O$33=BG$12)*($Q$25:$Q$33>$P$25:$P$33))+SUMPRODUCT(($C$37:$C$45=$BF14)*($F$37:$F$45=BG$12)*($D$37:$D$45>$E$37:$E$45))+SUMPRODUCT(($F$37:$F$45=$BF14)*($C$37:$C$45=BG$12)*($E$37:$E$45>$D$37:$D$45))+SUMPRODUCT(($I$37:$I$45=$BF14)*($L$37:$L$45=BG$12)*($J$37:$J$45>$K$37:$K$45))+SUMPRODUCT(($L$37:$L$45=$BF14)*($I$37:$I$45=BG$12)*($K$37:$K$45>$J$37:$J$45))+SUMPRODUCT(($O$37:$O$45=$BF14)*($R$37:$R$45=BG$12)*($P$37:$P$45>$Q$37:$Q$45))+SUMPRODUCT(($R$37:$R$45=$BF14)*($O$37:$O$45=BG$12)*($Q$37:$Q$45>$P$37:$P$45)) -> 0 | BH14: =SUMPRODUCT(($C$14:$C$22=$BF14)*($F$14:$F$22=BH$12)*($D$14:$D$22>$E$14:$E$22))+SUMPRODUCT(($F$14:$F$22=$BF14)*($C$14:$C$22=BH$12)*($E$14:$E$22>$D$14:$D$22))+SUMPRODUCT(($I$14:$I$22=$BF14)*($L$14:$L$22=BH$12)*($J$14:$J$22>$K$14:$K$22))+SUMPRODUCT(($L$14:$L$22=$BF14)*($I$14:$I$22=BH$12)*($K$14:$K$22>$J$14:$J$22))+SUMPRODUCT(($O$14:$O$22=$BF14)*($R$14:$R$22=BH$12)*($P$14:$P$22>$Q$14:$Q$22))+SUMPRODUCT(($R$14:$R$22=$BF14)*($O$14:$O$22=BH$12)*($Q$14:$Q$22>$P$14:$P$22))+SUMPRODUCT(($C$25:$C$33=$BF14)*($F$25:$F$33=BH$12)*($D$25:$D$33>$E$25:$E$33))+SUMPRODUCT(($F$25:$F$33=$BF14)*($C$25:$C$33=BH$12)*($E$25:$E$33>$D$25:$D$33))+SUMPRODUCT(($I$25:$I$33=$BF14)*($L$25:$L$33=BH$12)*($J$25:$J$33>$K$25:$K$33))+SUMPRODUCT(($L$25:$L$33=$BF14)*($I$25:$I$33=BH$12)*($K$25:$K$33>$J$25:$J$33))+SUMPRODUCT(($O$25:$O$33=$BF14)*($R$25:$R$33=BH$12)*($P$25:$P$33>$Q$25:$Q$33))+SUMPRODUCT(($R$25:$R$33=$BF14)*($O$25:$O$33=BH$12)*($Q$25:$Q$33>$P$25:$P$33))+SUMPRODUCT(($C$37:$C$45=$BF14)*($F$37:$F$45=BH$12)*($D$37:$D$45>$E$37:$E$45))+SUMPRODUCT(($F$37:$F$45=$BF14)*($C$37:$C$45=BH$12)*($E$37:$E$45>$D$37:$D$45))+SUMPRODUCT(($I$37:$I$45=$BF14)*($L$37:$L$45=BH$12)*($J$37:$J$45>$K$37:$K$45))+SUMPRODUCT(($L$37:$L$45=$BF14)*($I$37:$I$45=BH$12)*($K$37:$K$45>$J$37:$J$45))+SUMPRODUCT(($O$37:$O$45=$BF14)*($R$37:$R$45=BH$12)*($P$37:$P$45>$Q$37:$Q$45))+SUMPRODUCT(($R$37:$R$45=$BF14)*($O$37:$O$45=BH$12)*($Q$37:$Q$45>$P$37:$P$45)) -> 0 | BI14: =SUMPRODUCT(($C$14:$C$22=$BF14)*($F$14:$F$22=BI$12)*($D$14:$D$22>$E$14:$E$22))+SUMPRODUCT(($F$14:$F$22=$BF14)*($C$14:$C$22=BI$12)*($E$14:$E$22>$D$14:$D$22))+SUMPRODUCT(($I$14:$I$22=$BF14)*($L$14:$L$22=BI$12)*($J$14:$J$22>$K$14:$K$22))+SUMPRODUCT(($L$14:$L$22=$BF14)*($I$14:$I$22=BI$12)*($K$14:$K$22>$J$14:$J$22))+SUMPRODUCT(($O$14:$O$22=$BF14)*($R$14:$R$22=BI$12)*($P$14:$P$22>$Q$14:$Q$22))+SUMPRODUCT(($R$14:$R$22=$BF14)*($O$14:$O$22=BI$12)*($Q$14:$Q$22>$P$14:$P$22))+SUMPRODUCT(($C$25:$C$33=$BF14)*($F$25:$F$33=BI$12)*($D$25:$D$33>$E$25:$E$33))+SUMPRODUCT(($F$25:$F$33=$BF14)*($C$25:$C$33=BI$12)*($E$25:$E$33>$D$25:$D$33))+SUMPRODUCT(($I$25:$I$33=$BF14)*($L$25:$L$33=BI$12)*($J$25:$J$33>$K$25:$K$33))+SUMPRODUCT(($L$25:$L$33=$BF14)*($I$25:$I$33=BI$12)*($K$25:$K$33>$J$25:$J$33))+SUMPRODUCT(($O$25:$O$33=$BF14)*($R$25:$R$33=BI$12)*($P$25:$P$33>$Q$25:$Q$33))+SUMPRODUCT(($R$25:$R$33=$BF14)*($O$25:$O$33=BI$12)*($Q$25:$Q$33>$P$25:$P$33))+SUMPRODUCT(($C$37:$C$45=$BF14)*($F$37:$F$45=BI$12)*($D$37:$D$45>$E$37:$E$45))+SUMPRODUCT(($F$37:$F$45=$BF14)*($C$37:$C$45=BI$12)*($E$37:$E$45>$D$37:$D$45))+SUMPRODUCT(($I$37:$I$45=$BF14)*($L$37:$L$45=BI$12)*($J$37:$J$45>$K$37:$K$45))+SUMPRODUCT(($L$37:$L$45=$BF14)*($I$37:$I$45=BI$12)*($K$37:$K$45>$J$37:$J$45))+SUMPRODUCT(($O$37:$O$45=$BF14)*($R$37:$R$45=BI$12)*($P$37:$P$45>$Q$37:$Q$45))+SUMPRODUCT(($R$37:$R$45=$BF14)*($O$37:$O$45=BI$12)*($Q$37:$Q$45>$P$37:$P$45)) -> 1 | BJ14: =SUMPRODUCT(($C$14:$C$22=$BF14)*($F$14:$F$22=BJ$12)*($D$14:$D$22>$E$14:$E$22))+SUMPRODUCT(($F$14:$F$22=$BF14)*($C$14:$C$22=BJ$12)*($E$14:$E$22>$D$14:$D$22))+SUMPRODUCT(($I$14:$I$22=$BF14)*($L$14:$L$22=BJ$12)*($J$14:$J$22>$K$14:$K$22))+SUMPRODUCT(($L$14:$L$22=$BF14)*($I$14:$I$22=BJ$12)*($K$14:$K$22>$J$14:$J$22))+SUMPRODUCT(($O$14:$O$22=$BF14)*($R$14:$R$22=BJ$12)*($P$14:$P$22>$Q$14:$Q$22))+SUMPRODUCT(($R$14:$R$22=$BF14)*($O$14:$O$22=BJ$12)*($Q$14:$Q$22>$P$14:$P$22))+SUMPRODUCT(($C$25:$C$33=$BF14)*($F$25:$F$33=BJ$12)*($D$25:$D$33>$E$25:$E$33))+SUMPRODUCT(($F$25:$F$33=$BF14)*($C$25:$C$33=BJ$12)*($E$25:$E$33>$D$25:$D$33))+SUMPRODUCT(($I$25:$I$33=$BF14)*($L$25:$L$33=BJ$12)*($J$25:$J$33>$K$25:$K$33))+SUMPRODUCT(($L$25:$L$33=$BF14)*($I$25:$I$33=BJ$12)*($K$25:$K$33>$J$25:$J$33))+SUMPRODUCT(($O$25:$O$33=$BF14)*($R$25:$R$33=BJ$12)*($P$25:$P$33>$Q$25:$Q$33))+SUMPRODUCT(($R$25:$R$33=$BF14)*($O$25:$O$33=BJ$12)*($Q$25:$Q$33>$P$25:$P$33))+SUMPRODUCT(($C$37:$C$45=$BF14)*($F$37:$F$45=BJ$12)*($D$37:$D$45>$E$37:$E$45))+SUMPRODUCT(($F$37:$F$45=$BF14)*($C$37:$C$45=BJ$12)*($E$37:$E$45>$D$37:$D$45))+SUMPRODUCT(($I$37:$I$45=$BF14)*($L$37:$L$45=BJ$12)*($J$37:$J$45>$K$37:$K$45))+SUMPRODUCT(($L$37:$L$45=$BF14)*($I$37:$I$45=BJ$12)*($K$37:$K$45>$J$37:$J$45))+SUMPRODUCT(($O$37:$O$45=$BF14)*($R$37:$R$45=BJ$12)*($P$37:$P$45>$Q$37:$Q$45))+SUMPRODUCT(($R$37:$R$45=$BF14)*($O$37:$O$45=BJ$12)*($Q$37:$Q$45>$P$37:$P$45)) -> 0 | BK14: =SUMPRODUCT(($C$14:$C$22=$BF14)*($F$14:$F$22=BK$12)*($D$14:$D$22>$E$14:$E$22))+SUMPRODUCT(($F$14:$F$22=$BF14)*($C$14:$C$22=BK$12)*($E$14:$E$22>$D$14:$D$22))+SUMPRODUCT(($I$14:$I$22=$BF14)*($L$14:$L$22=BK$12)*($J$14:$J$22>$K$14:$K$22))+SUMPRODUCT(($L$14:$L$22=$BF14)*($I$14:$I$22=BK$12)*($K$14:$K$22>$J$14:$J$22))+SUMPRODUCT(($O$14:$O$22=$BF14)*($R$14:$R$22=BK$12)*($P$14:$P$22>$Q$14:$Q$22))+SUMPRODUCT(($R$14:$R$22=$BF14)*($O$14:$O$22=BK$12)*($Q$14:$Q$22>$P$14:$P$22))+SUMPRODUCT(($C$25:$C$33=$BF14)*($F$25:$F$33=BK$12)*($D$25:$D$33>$E$25:$E$33))+SUMPRODUCT(($F$25:$F$33=$BF14)*($C$25:$C$33=BK$12)*($E$25:$E$33>$D$25:$D$33))+SUMPRODUCT(($I$25:$I$33=$BF14)*($L$25:$L$33=BK$12)*($J$25:$J$33>$K$25:$K$33))+SUMPRODUCT(($L$25:$L$33=$BF14)*($I$25:$I$33=BK$12)*($K$25:$K$33>$J$25:$J$33))+SUMPRODUCT(($O$25:$O$33=$BF14)*($R$25:$R$33=BK$12)*($P$25:$P$33>$Q$25:$Q$33))+SUMPRODUCT(($R$25:$R$33=$BF14)*($O$25:$O$33=BK$12)*($Q$25:$Q$33>$P$25:$P$33))+SUMPRODUCT(($C$37:$C$45=$BF14)*($F$37:$F$45=BK$12)*($D$37:$D$45>$E$37:$E$45))+SUMPRODUCT(($F$37:$F$45=$BF14)*($C$37:$C$45=BK$12)*($E$37:$E$45>$D$37:$D$45))+SUMPRODUCT(($I$37:$I$45=$BF14)*($L$37:$L$45=BK$12)*($J$37:$J$45>$K$37:$K$45))+SUMPRODUCT(($L$37:$L$45=$BF14)*($I$37:$I$45=BK$12)*($K$37:$K$45>$J$37:$J$45))+SUMPRODUCT(($O$37:$O$45=$BF14)*($R$37:$R$45=BK$12)*($P$37:$P$45>$Q$37:$Q$45))+SUMPRODUCT(($R$37:$R$45=$BF14)*($O$37:$O$45=BK$12)*($Q$37:$Q$45>$P$37:$P$45)) -> 1 | BL14: =SUMPRODUCT(($C$14:$C$22=$BF14)*($F$14:$F$22=BL$12)*($D$14:$D$22>$E$14:$E$22))+SUMPRODUCT(($F$14:$F$22=$BF14)*($C$14:$C$22=BL$12)*($E$14:$E$22>$D$14:$D$22))+SUMPRODUCT(($I$14:$I$22=$BF14)*($L$14:$L$22=BL$12)*($J$14:$J$22>$K$14:$K$22))+SUMPRODUCT(($L$14:$L$22=$BF14)*($I$14:$I$22=BL$12)*($K$14:$K$22>$J$14:$J$22))+SUMPRODUCT(($O$14:$O$22=$BF14)*($R$14:$R$22=BL$12)*($P$14:$P$22>$Q$14:$Q$22))+SUMPRODUCT(($R$14:$R$22=$BF14)*($O$14:$O$22=BL$12)*($Q$14:$Q$22>$P$14:$P$22))+SUMPRODUCT(($C$25:$C$33=$BF14)*($F$25:$F$33=BL$12)*($D$25:$D$33>$E$25:$E$33))+SUMPRODUCT(($F$25:$F$33=$BF14)*($C$25:$C$33=BL$12)*($E$25:$E$33>$D$25:$D$33))+SUMPRODUCT(($I$25:$I$33=$BF14)*($L$25:$L$33=BL$12)*($J$25:$J$33>$K$25:$K$33))+SUMPRODUCT(($L$25:$L$33=$BF14)*($I$25:$I$33=BL$12)*($K$25:$K$33>$J$25:$J$33))+SUMPRODUCT(($O$25:$O$33=$BF14)*($R$25:$R$33=BL$12)*($P$25:$P$33>$Q$25:$Q$33))+SUMPRODUCT(($R$25:$R$33=$BF14)*($O$25:$O$33=BL$12)*($Q$25:$Q$33>$P$25:$P$33))+SUMPRODUCT(($C$37:$C$45=$BF14)*($F$37:$F$45=BL$12)*($D$37:$D$45>$E$37:$E$45))+SUMPRODUCT(($F$37:$F$45=$BF14)*($C$37:$C$45=BL$12)*($E$37:$E$45>$D$37:$D$45))+SUMPRODUCT(($I$37:$I$45=$BF14)*($L$37:$L$45=BL$12)*($J$37:$J$45>$K$37:$K$45))+SUMPRODUCT(($L$37:$L$45=$BF14)*($I$37:$I$45=BL$12)*($K$37:$K$45>$J$37:$J$45))+SUMPRODUCT(($O$37:$O$45=$BF14)*($R$37:$R$45=BL$12)*($P$37:$P$45>$Q$37:$Q$45))+SUMPRODUCT(($R$37:$R$45=$BF14)*($O$37:$O$45=BL$12)*($Q$37:$Q$45>$P$37:$P$45)) -> 1 | BM14: =SUMPRODUCT(($C$14:$C$22=$BF14)*($F$14:$F$22=BM$12)*($D$14:$D$22>$E$14:$E$22))+SUMPRODUCT(($F$14:$F$22=$BF14)*($C$14:$C$22=BM$12)*($E$14:$E$22>$D$14:$D$22))+SUMPRODUCT(($I$14:$I$22=$BF14)*($L$14:$L$22=BM$12)*($J$14:$J$22>$K$14:$K$22))+SUMPRODUCT(($L$14:$L$22=$BF14)*($I$14:$I$22=BM$12)*($K$14:$K$22>$J$14:$J$22))+SUMPRODUCT(($O$14:$O$22=$BF14)*($R$14:$R$22=BM$12)*($P$14:$P$22>$Q$14:$Q$22))+SUMPRODUCT(($R$14:$R$22=$BF14)*($O$14:$O$22=BM$12)*($Q$14:$Q$22>$P$14:$P$22))+SUMPRODUCT(($C$25:$C$33=$BF14)*($F$25:$F$33=BM$12)*($D$25:$D$33>$E$25:$E$33))+SUMPRODUCT(($F$25:$F$33=$BF14)*($C$25:$C$33=BM$12)*($E$25:$E$33>$D$25:$D$33))+SUMPRODUCT(($I$25:$I$33=$BF14)*($L$25:$L$33=BM$12)*($J$25:$J$33>$K$25:$K$33))+SUMPRODUCT(($L$25:$L$33=$BF14)*($I$25:$I$33=BM$12)*($K$25:$K$33>$J$25:$J$33))+SUMPRODUCT(($O$25:$O$33=$BF14)*($R$25:$R$33=BM$12)*($P$25:$P$33>$Q$25:$Q$33))+SUMPRODUCT(($R$25:$R$33=$BF14)*($O$25:$O$33=BM$12)*($Q$25:$Q$33>$P$25:$P$33))+SUMPRODUCT(($C$37:$C$45=$BF14)*($F$37:$F$45=BM$12)*($D$37:$D$45>$E$37:$E$45))+SUMPRODUCT(($F$37:$F$45=$BF14)*($C$37:$C$45=BM$12)*($E$37:$E$45>$D$37:$D$45))+SUMPRODUCT(($I$37:$I$45=$BF14)*($L$37:$L$45=BM$12)*($J$37:$J$45>$K$37:$K$45))+SUMPRODUCT(($L$37:$L$45=$BF14)*($I$37:$I$45=BM$12)*($K$37:$K$45>$J$37:$J$45))+SUMPRODUCT(($O$37:$O$45=$BF14)*($R$37:$R$45=BM$12)*($P$37:$P$45>$Q$37:$Q$45))+SUMPRODUCT(($R$37:$R$45=$BF14)*($O$37:$O$45=BM$12)*($Q$37:$Q$45>$P$37:$P$45)) -> 1 | BN14: =SUMPRODUCT(($C$14:$C$22=$BF14)*($F$14:$F$22=BN$12)*($D$14:$D$22>$E$14:$E$22))+SUMPRODUCT(($F$14:$F$22=$BF14)*($C$14:$C$22=BN$12)*($E$14:$E$22>$D$14:$D$22))+SUMPRODUCT(($I$14:$I$22=$BF14)*($L$14:$L$22=BN$12)*($J$14:$J$22>$K$14:$K$22))+SUMPRODUCT(($L$14:$L$22=$BF14)*($I$14:$I$22=BN$12)*($K$14:$K$22>$J$14:$J$22))+SUMPRODUCT(($O$14:$O$22=$BF14)*($R$14:$R$22=BN$12)*($P$14:$P$22>$Q$14:$Q$22))+SUMPRODUCT(($R$14:$R$22=$BF14)*($O$14:$O$22=BN$12)*($Q$14:$Q$22>$P$14:$P$22))+SUMPRODUCT(($C$25:$C$33=$BF14)*($F$25:$F$33=BN$12)*($D$25:$D$33>$E$25:$E$33))+SUMPRODUCT(($F$25:$F$33=$BF14)*($C$25:$C$33=BN$12)*($E$25:$E$33>$D$25:$D$33))+SUMPRODUCT(($I$25:$I$33=$BF14)*($L$25:$L$33=BN$12)*($J$25:$J$33>$K$25:$K$33))+SUMPRODUCT(($L$25:$L$33=$BF14)*($I$25:$I$33=BN$12)*($K$25:$K$33>$J$25:$J$33))+SUMPRODUCT(($O$25:$O$33=$BF14)*($R$25:$R$33=BN$12)*($P$25:$P$33>$Q$25:$Q$33))+SUMPRODUCT(($R$25:$R$33=$BF14)*($O$25:$O$33=BN$12)*($Q$25:$Q$33>$P$25:$P$33))+SUMPRODUCT(($C$37:$C$45=$BF14)*($F$37:$F$45=BN$12)*($D$37:$D$45>$E$37:$E$45))+SUMPRODUCT(($F$37:$F$45=$BF14)*($C$37:$C$45=BN$12)*($E$37:$E$45>$D$37:$D$45))+SUMPRODUCT(($I$37:$I$45=$BF14)*($L$37:$L$45=BN$12)*($J$37:$J$45>$K$37:$K$45))+SUMPRODUCT(($L$37:$L$45=$BF14)*($I$37:$I$45=BN$12)*($K$37:$K$45>$J$37:$J$45))+SUMPRODUCT(($O$37:$O$45=$BF14)*($R$37:$R$45=BN$12)*($P$37:$P$45>$Q$37:$Q$45))+SUMPRODUCT(($R$37:$R$45=$BF14)*($O$37:$O$45=BN$12)*($Q$37:$Q$45>$P$37:$P$45)) -> 2 | BO14: =SUMPRODUCT(($C$14:$C$22=$BF14)*($F$14:$F$22=BO$12)*($D$14:$D$22>$E$14:$E$22))+SUMPRODUCT(($F$14:$F$22=$BF14)*($C$14:$C$22=BO$12)*($E$14:$E$22>$D$14:$D$22))+SUMPRODUCT(($I$14:$I$22=$BF14)*($L$14:$L$22=BO$12)*($J$14:$J$22>$K$14:$K$22))+SUMPRODUCT(($L$14:$L$22=$BF14)*($I$14:$I$22=BO$12)*($K$14:$K$22>$J$14:$J$22))+SUMPRODUCT(($O$14:$O$22=$BF14)*($R$14:$R$22=BO$12)*($P$14:$P$22>$Q$14:$Q$22))+SUMPRODUCT(($R$14:$R$22=$BF14)*($O$14:$O$22=BO$12)*($Q$14:$Q$22>$P$14:$P$22))+SUMPRODUCT(($C$25:$C$33=$BF14)*($F$25:$F$33=BO$12)*($D$25:$D$33>$E$25:$E$33))+SUMPRODUCT(($F$25:$F$33=$BF14)*($C$25:$C$33=BO$12)*($E$25:$E$33>$D$25:$D$33))+SUMPRODUCT(($I$25:$I$33=$BF14)*($L$25:$L$33=BO$12)*($J$25:$J$33>$K$25:$K$33))+SUMPRODUCT(($L$25:$L$33=$BF14)*($I$25:$I$33=BO$12)*($K$25:$K$33>$J$25:$J$33))+SUMPRODUCT(($O$25:$O$33=$BF14)*($R$25:$R$33=BO$12)*($P$25:$P$33>$Q$25:$Q$33))+SUMPRODUCT(($R$25:$R$33=$BF14)*($O$25:$O$33=BO$12)*($Q$25:$Q$33>$P$25:$P$33))+SUMPRODUCT(($C$37:$C$45=$BF14)*($F$37:$F$45=BO$12)*($D$37:$D$45>$E$37:$E$45))+SUMPRODUCT(($F$37:$F$45=$BF14)*($C$37:$C$45=BO$12)*($E$37:$E$45>$D$37:$D$45))+SUMPRODUCT(($I$37:$I$45=$BF14)*($L$37:$L$45=BO$12)*($J$37:$J$45>$K$37:$K$45))+SUMPRODUCT(($L$37:$L$45=$BF14)*($I$37:$I$45=BO$12)*($K$37:$K$45>$J$37:$J$45))+SUMPRODUCT(($O$37:$O$45=$BF14)*($R$37:$R$45=BO$12)*($P$37:$P$45>$Q$37:$Q$45))+SUMPRODUCT(($R$37:$R$45=$BF14)*($O$37:$O$45=BO$12)*($Q$37:$Q$45>$P$37:$P$45)) -> 0
C15: NAVI | D15: 0 | E15: 2 | F15: AE | I15: BTR by VIT | J15: 2 | K15: 0 | L15: DEWA | O15: DEWA | P15: 2 | Q15: 0 | R15: GEEK | BF15: DEWA | BG15: =SUMPRODUCT(($C$14:$C$22=$BF15)*($F$14:$F$22=BG$12)*($D$14:$D$22>$E$14:$E$22))+SUMPRODUCT(($F$14:$F$22=$BF15)*($C$14:$C$22=BG$12)*($E$14:$E$22>$D$14:$D$22))+SUMPRODUCT(($I$14:$I$22=$BF15)*($L$14:$L$22=BG$12)*($J$14:$J$22>$K$14:$K$22))+SUMPRODUCT(($L$14:$L$22=$BF15)*($I$14:$I$22=BG$12)*($K$14:$K$22>$J$14:$J$22))+SUMPRODUCT(($O$14:$O$22=$BF15)*($R$14:$R$22=BG$12)*($P$14:$P$22>$Q$14:$Q$22))+SUMPRODUCT(($R$14:$R$22=$BF15)*($O$14:$O$22=BG$12)*($Q$14:$Q$22>$P$14:$P$22))+SUMPRODUCT(($C$25:$C$33=$BF15)*($F$25:$F$33=BG$12)*($D$25:$D$33>$E$25:$E$33))+SUMPRODUCT(($F$25:$F$33=$BF15)*($C$25:$C$33=BG$12)*($E$25:$E$33>$D$25:$D$33))+SUMPRODUCT(($I$25:$I$33=$BF15)*($L$25:$L$33=BG$12)*($J$25:$J$33>$K$25:$K$33))+SUMPRODUCT(($L$25:$L$33=$BF15)*($I$25:$I$33=BG$12)*($K$25:$K$33>$J$25:$J$33))+SUMPRODUCT(($O$25:$O$33=$BF15)*($R$25:$R$33=BG$12)*($P$25:$P$33>$Q$25:$Q$33))+SUMPRODUCT(($R$25:$R$33=$BF15)*($O$25:$O$33=BG$12)*($Q$25:$Q$33>$P$25:$P$33))+SUMPRODUCT(($C$37:$C$45=$BF15)*($F$37:$F$45=BG$12)*($D$37:$D$45>$E$37:$E$45))+SUMPRODUCT(($F$37:$F$45=$BF15)*($C$37:$C$45=BG$12)*($E$37:$E$45>$D$37:$D$45))+SUMPRODUCT(($I$37:$I$45=$BF15)*($L$37:$L$45=BG$12)*($J$37:$J$45>$K$37:$K$45))+SUMPRODUCT(($L$37:$L$45=$BF15)*($I$37:$I$45=BG$12)*($K$37:$K$45>$J$37:$J$45))+SUMPRODUCT(($O$37:$O$45=$BF15)*($R$37:$R$45=BG$12)*($P$37:$P$45>$Q$37:$Q$45))+SUMPRODUCT(($R$37:$R$45=$BF15)*($O$37:$O$45=BG$12)*($Q$37:$Q$45>$P$37:$P$45)) -> 1 | BH15: =SUMPRODUCT(($C$14:$C$22=$BF15)*($F$14:$F$22=BH$12)*($D$14:$D$22>$E$14:$E$22))+SUMPRODUCT(($F$14:$F$22=$BF15)*($C$14:$C$22=BH$12)*($E$14:$E$22>$D$14:$D$22))+SUMPRODUCT(($I$14:$I$22=$BF15)*($L$14:$L$22=BH$12)*($J$14:$J$22>$K$14:$K$22))+SUMPRODUCT(($L$14:$L$22=$BF15)*($I$14:$I$22=BH$12)*($K$14:$K$22>$J$14:$J$22))+SUMPRODUCT(($O$14:$O$22=$BF15)*($R$14:$R$22=BH$12)*($P$14:$P$22>$Q$14:$Q$22))+SUMPRODUCT(($R$14:$R$22=$BF15)*($O$14:$O$22=BH$12)*($Q$14:$Q$22>$P$14:$P$22))+SUMPRODUCT(($C$25:$C$33=$BF15)*($F$25:$F$33=BH$12)*($D$25:$D$33>$E$25:$E$33))+SUMPRODUCT(($F$25:$F$33=$BF15)*($C$25:$C$33=BH$12)*($E$25:$E$33>$D$25:$D$33))+SUMPRODUCT(($I$25:$I$33=$BF15)*($L$25:$L$33=BH$12)*($J$25:$J$33>$K$25:$K$33))+SUMPRODUCT(($L$25:$L$33=$BF15)*($I$25:$I$33=BH$12)*($K$25:$K$33>$J$25:$J$33))+SUMPRODUCT(($O$25:$O$33=$BF15)*($R$25:$R$33=BH$12)*($P$25:$P$33>$Q$25:$Q$33))+SUMPRODUCT(($R$25:$R$33=$BF15)*($O$25:$O$33=BH$12)*($Q$25:$Q$33>$P$25:$P$33))+SUMPRODUCT(($C$37:$C$45=$BF15)*($F$37:$F$45=BH$12)*($D$37:$D$45>$E$37:$E$45))+SUMPRODUCT(($F$37:$F$45=$BF15)*($C$37:$C$45=BH$12)*($E$37:$E$45>$D$37:$D$45))+SUMPRODUCT(($I$37:$I$45=$BF15)*($L$37:$L$45=BH$12)*($J$37:$J$45>$K$37:$K$45))+SUMPRODUCT(($L$37:$L$45=$BF15)*($I$37:$I$45=BH$12)*($K$37:$K$45>$J$37:$J$45))+SUMPRODUCT(($O$37:$O$45=$BF15)*($R$37:$R$45=BH$12)*($P$37:$P$45>$Q$37:$Q$45))+SUMPRODUCT(($R$37:$R$45=$BF15)*($O$37:$O$45=BH$12)*($Q$37:$Q$45>$P$37:$P$45)) -> 0 | BI15: =SUMPRODUCT(($C$14:$C$22=$BF15)*($F$14:$F$22=BI$12)*($D$14:$D$22>$E$14:$E$22))+SUMPRODUCT(($F$14:$F$22=$BF15)*($C$14:$C$22=BI$12)*($E$14:$E$22>$D$14:$D$22))+SUMPRODUCT(($I$14:$I$22=$BF15)*($L$14:$L$22=BI$12)*($J$14:$J$22>$K$14:$K$22))+SUMPRODUCT(($L$14:$L$22=$BF15)*($I$14:$I$22=BI$12)*($K$14:$K$22>$J$14:$J$22))+SUMPRODUCT(($O$14:$O$22=$BF15)*($R$14:$R$22=BI$12)*($P$14:$P$22>$Q$14:$Q$22))+SUMPRODUCT(($R$14:$R$22=$BF15)*($O$14:$O$22=BI$12)*($Q$14:$Q$22>$P$14:$P$22))+SUMPRODUCT(($C$25:$C$33=$BF15)*($F$25:$F$33=BI$12)*($D$25:$D$33>$E$25:$E$33))+SUMPRODUCT(($F$25:$F$33=$BF15)*($C$25:$C$33=BI$12)*($E$25:$E$33>$D$25:$D$33))+SUMPRODUCT(($I$25:$I$33=$BF15)*($L$25:$L$33=BI$12)*($J$25:$J$33>$K$25:$K$33))+SUMPRODUCT(($L$25:$L$33=$BF15)*($I$25:$I$33=BI$12)*($K$25:$K$33>$J$25:$J$33))+SUMPRODUCT(($O$25:$O$33=$BF15)*($R$25:$R$33=BI$12)*($P$25:$P$33>$Q$25:$Q$33))+SUMPRODUCT(($R$25:$R$33=$BF15)*($O$25:$O$33=BI$12)*($Q$25:$Q$33>$P$25:$P$33))+SUMPRODUCT(($C$37:$C$45=$BF15)*($F$37:$F$45=BI$12)*($D$37:$D$45>$E$37:$E$45))+SUMPRODUCT(($F$37:$F$45=$BF15)*($C$37:$C$45=BI$12)*($E$37:$E$45>$D$37:$D$45))+SUMPRODUCT(($I$37:$I$45=$BF15)*($L$37:$L$45=BI$12)*($J$37:$J$45>$K$37:$K$45))+SUMPRODUCT(($L$37:$L$45=$BF15)*($I$37:$I$45=BI$12)*($K$37:$K$45>$J$37:$J$45))+SUMPRODUCT(($O$37:$O$45=$BF15)*($R$37:$R$45=BI$12)*($P$37:$P$45>$Q$37:$Q$45))+SUMPRODUCT(($R$37:$R$45=$BF15)*($O$37:$O$45=BI$12)*($Q$37:$Q$45>$P$37:$P$45)) -> 0 | BJ15: =SUMPRODUCT(($C$14:$C$22=$BF15)*($F$14:$F$22=BJ$12)*($D$14:$D$22>$E$14:$E$22))+SUMPRODUCT(($F$14:$F$22=$BF15)*($C$14:$C$22=BJ$12)*($E$14:$E$22>$D$14:$D$22))+SUMPRODUCT(($I$14:$I$22=$BF15)*($L$14:$L$22=BJ$12)*($J$14:$J$22>$K$14:$K$22))+SUMPRODUCT(($L$14:$L$22=$BF15)*($I$14:$I$22=BJ$12)*($K$14:$K$22>$J$14:$J$22))+SUMPRODUCT(($O$14:$O$22=$BF15)*($R$14:$R$22=BJ$12)*($P$14:$P$22>$Q$14:$Q$22))+SUMPRODUCT(($R$14:$R$22=$BF15)*($O$14:$O$22=BJ$12)*($Q$14:$Q$22>$P$14:$P$22))+SUMPRODUCT(($C$25:$C$33=$BF15)*($F$25:$F$33=BJ$12)*($D$25:$D$33>$E$25:$E$33))+SUMPRODUCT(($F$25:$F$33=$BF15)*($C$25:$C$33=BJ$12)*($E$25:$E$33>$D$25:$D$33))+SUMPRODUCT(($I$25:$I$33=$BF15)*($L$25:$L$33=BJ$12)*($J$25:$J$33>$K$25:$K$33))+SUMPRODUCT(($L$25:$L$33=$BF15)*($I$25:$I$33=BJ$12)*($K$25:$K$33>$J$25:$J$33))+SUMPRODUCT(($O$25:$O$33=$BF15)*($R$25:$R$33=BJ$12)*($P$25:$P$33>$Q$25:$Q$33))+SUMPRODUCT(($R$25:$R$33=$BF15)*($O$25:$O$33=BJ$12)*($Q$25:$Q$33>$P$25:$P$33))+SUMPRODUCT(($C$37:$C$45=$BF15)*($F$37:$F$45=BJ$12)*($D$37:$D$45>$E$37:$E$45))+SUMPRODUCT(($F$37:$F$45=$BF15)*($C$37:$C$45=BJ$12)*($E$37:$E$45>$D$37:$D$45))+SUMPRODUCT(($I$37:$I$45=$BF15)*($L$37:$L$45=BJ$12)*($J$37:$J$45>$K$37:$K$45))+SUMPRODUCT(($L$37:$L$45=$BF15)*($I$37:$I$45=BJ$12)*($K$37:$K$45>$J$37:$J$45))+SUMPRODUCT(($O$37:$O$45=$BF15)*($R$37:$R$45=BJ$12)*($P$37:$P$45>$Q$37:$Q$45))+SUMPRODUCT(($R$37:$R$45=$BF15)*($O$37:$O$45=BJ$12)*($Q$37:$Q$45>$P$37:$P$45)) -> 0 | BK15: =SUMPRODUCT(($C$14:$C$22=$BF15)*($F$14:$F$22=BK$12)*($D$14:$D$22>$E$14:$E$22))+SUMPRODUCT(($F$14:$F$22=$BF15)*($C$14:$C$22=BK$12)*($E$14:$E$22>$D$14:$D$22))+SUMPRODUCT(($I$14:$I$22=$BF15)*($L$14:$L$22=BK$12)*($J$14:$J$22>$K$14:$K$22))+SUMPRODUCT(($L$14:$L$22=$BF15)*($I$14:$I$22=BK$12)*($K$14:$K$22>$J$14:$J$22))+SUMPRODUCT(($O$14:$O$22=$BF15)*($R$14:$R$22=BK$12)*($P$14:$P$22>$Q$14:$Q$22))+SUMPRODUCT(($R$14:$R$22=$BF15)*($O$14:$O$22=BK$12)*($Q$14:$Q$22>$P$14:$P$22))+SUMPRODUCT(($C$25:$C$33=$BF15)*($F$25:$F$33=BK$12)*($D$25:$D$33>$E$25:$E$33))+SUMPRODUCT(($F$25:$F$33=$BF15)*($C$25:$C$33=BK$12)*($E$25:$E$33>$D$25:$D$33))+SUMPRODUCT(($I$25:$I$33=$BF15)*($L$25:$L$33=BK$12)*($J$25:$J$33>$K$25:$K$33))+SUMPRODUCT(($L$25:$L$33=$BF15)*($I$25:$I$33=BK$12)*($K$25:$K$33>$J$25:$J$33))+SUMPRODUCT(($O$25:$O$33=$BF15)*($R$25:$R$33=BK$12)*($P$25:$P$33>$Q$25:$Q$33))+SUMPRODUCT(($R$25:$R$33=$BF15)*($O$25:$O$33=BK$12)*($Q$25:$Q$33>$P$25:$P$33))+SUMPRODUCT(($C$37:$C$45=$BF15)*($F$37:$F$45=BK$12)*($D$37:$D$45>$E$37:$E$45))+SUMPRODUCT(($F$37:$F$45=$BF15)*($C$37:$C$45=BK$12)*($E$37:$E$45>$D$37:$D$45))+SUMPRODUCT(($I$37:$I$45=$BF15)*($L$37:$L$45=BK$12)*($J$37:$J$45>$K$37:$K$45))+SUMPRODUCT(($L$37:$L$45=$BF15)*($I$37:$I$45=BK$12)*($K$37:$K$45>$J$37:$J$45))+SUMPRODUCT(($O$37:$O$45=$BF15)*($R$37:$R$45=BK$12)*($P$37:$P$45>$Q$37:$Q$45))+SUMPRODUCT(($R$37:$R$45=$BF15)*($O$37:$O$45=BK$12)*($Q$37:$Q$45>$P$37:$P$45)) -> 1 | BL15: =SUMPRODUCT(($C$14:$C$22=$BF15)*($F$14:$F$22=BL$12)*($D$14:$D$22>$E$14:$E$22))+SUMPRODUCT(($F$14:$F$22=$BF15)*($C$14:$C$22=BL$12)*($E$14:$E$22>$D$14:$D$22))+SUMPRODUCT(($I$14:$I$22=$BF15)*($L$14:$L$22=BL$12)*($J$14:$J$22>$K$14:$K$22))+SUMPRODUCT(($L$14:$L$22=$BF15)*($I$14:$I$22=BL$12)*($K$14:$K$22>$J$14:$J$22))+SUMPRODUCT(($O$14:$O$22=$BF15)*($R$14:$R$22=BL$12)*($P$14:$P$22>$Q$14:$Q$22))+SUMPRODUCT(($R$14:$R$22=$BF15)*($O$14:$O$22=BL$12)*($Q$14:$Q$22>$P$14:$P$22))+SUMPRODUCT(($C$25:$C$33=$BF15)*($F$25:$F$33=BL$12)*($D$25:$D$33>$E$25:$E$33))+SUMPRODUCT(($F$25:$F$33=$BF15)*($C$25:$C$33=BL$12)*($E$25:$E$33>$D$25:$D$33))+SUMPRODUCT(($I$25:$I$33=$BF15)*($L$25:$L$33=BL$12)*($J$25:$J$33>$K$25:$K$33))+SUMPRODUCT(($L$25:$L$33=$BF15)*($I$25:$I$33=BL$12)*($K$25:$K$33>$J$25:$J$33))+SUMPRODUCT(($O$25:$O$33=$BF15)*($R$25:$R$33=BL$12)*($P$25:$P$33>$Q$25:$Q$33))+SUMPRODUCT(($R$25:$R$33=$BF15)*($O$25:$O$33=BL$12)*($Q$25:$Q$33>$P$25:$P$33))+SUMPRODUCT(($C$37:$C$45=$BF15)*($F$37:$F$45=BL$12)*($D$37:$D$45>$E$37:$E$45))+SUMPRODUCT(($F$37:$F$45=$BF15)*($C$37:$C$45=BL$12)*($E$37:$E$45>$D$37:$D$45))+SUMPRODUCT(($I$37:$I$45=$BF15)*($L$37:$L$45=BL$12)*($J$37:$J$45>$K$37:$K$45))+SUMPRODUCT(($L$37:$L$45=$BF15)*($I$37:$I$45=BL$12)*($K$37:$K$45>$J$37:$J$45))+SUMPRODUCT(($O$37:$O$45=$BF15)*($R$37:$R$45=BL$12)*($P$37:$P$45>$Q$37:$Q$45))+SUMPRODUCT(($R$37:$R$45=$BF15)*($O$37:$O$45=BL$12)*($Q$37:$Q$45>$P$37:$P$45)) -> 0 | BM15: =SUMPRODUCT(($C$14:$C$22=$BF15)*($F$14:$F$22=BM$12)*($D$14:$D$22>$E$14:$E$22))+SUMPRODUCT(($F$14:$F$22=$BF15)*($C$14:$C$22=BM$12)*($E$14:$E$22>$D$14:$D$22))+SUMPRODUCT(($I$14:$I$22=$BF15)*($L$14:$L$22=BM$12)*($J$14:$J$22>$K$14:$K$22))+SUMPRODUCT(($L$14:$L$22=$BF15)*($I$14:$I$22=BM$12)*($K$14:$K$22>$J$14:$J$22))+SUMPRODUCT(($O$14:$O$22=$BF15)*($R$14:$R$22=BM$12)*($P$14:$P$22>$Q$14:$Q$22))+SUMPRODUCT(($R$14:$R$22=$BF15)*($O$14:$O$22=BM$12)*($Q$14:$Q$22>$P$14:$P$22))+SUMPRODUCT(($C$25:$C$33=$BF15)*($F$25:$F$33=BM$12)*($D$25:$D$33>$E$25:$E$33))+SUMPRODUCT(($F$25:$F$33=$BF15)*($C$25:$C$33=BM$12)*($E$25:$E$33>$D$25:$D$33))+SUMPRODUCT(($I$25:$I$33=$BF15)*($L$25:$L$33=BM$12)*($J$25:$J$33>$K$25:$K$33))+SUMPRODUCT(($L$25:$L$33=$BF15)*($I$25:$I$33=BM$12)*($K$25:$K$33>$J$25:$J$33))+SUMPRODUCT(($O$25:$O$33=$BF15)*($R$25:$R$33=BM$12)*($P$25:$P$33>$Q$25:$Q$33))+SUMPRODUCT(($R$25:$R$33=$BF15)*($O$25:$O$33=BM$12)*($Q$25:$Q$33>$P$25:$P$33))+SUMPRODUCT(($C$37:$C$45=$BF15)*($F$37:$F$45=BM$12)*($D$37:$D$45>$E$37:$E$45))+SUMPRODUCT(($F$37:$F$45=$BF15)*($C$37:$C$45=BM$12)*($E$37:$E$45>$D$37:$D$45))+SUMPRODUCT(($I$37:$I$45=$BF15)*($L$37:$L$45=BM$12)*($J$37:$J$45>$K$37:$K$45))+SUMPRODUCT(($L$37:$L$45=$BF15)*($I$37:$I$45=BM$12)*($K$37:$K$45>$J$37:$J$45))+SUMPRODUCT(($O$37:$O$45=$BF15)*($R$37:$R$45=BM$12)*($P$37:$P$45>$Q$37:$Q$45))+SUMPRODUCT(($R$37:$R$45=$BF15)*($O$37:$O$45=BM$12)*($Q$37:$Q$45>$P$37:$P$45)) -> 1 | BN15: =SUMPRODUCT(($C$14:$C$22=$BF15)*($F$14:$F$22=BN$12)*($D$14:$D$22>$E$14:$E$22))+SUMPRODUCT(($F$14:$F$22=$BF15)*($C$14:$C$22=BN$12)*($E$14:$E$22>$D$14:$D$22))+SUMPRODUCT(($I$14:$I$22=$BF15)*($L$14:$L$22=BN$12)*($J$14:$J$22>$K$14:$K$22))+SUMPRODUCT(($L$14:$L$22=$BF15)*($I$14:$I$22=BN$12)*($K$14:$K$22>$J$14:$J$22))+SUMPRODUCT(($O$14:$O$22=$BF15)*($R$14:$R$22=BN$12)*($P$14:$P$22>$Q$14:$Q$22))+SUMPRODUCT(($R$14:$R$22=$BF15)*($O$14:$O$22=BN$12)*($Q$14:$Q$22>$P$14:$P$22))+SUMPRODUCT(($C$25:$C$33=$BF15)*($F$25:$F$33=BN$12)*($D$25:$D$33>$E$25:$E$33))+SUMPRODUCT(($F$25:$F$33=$BF15)*($C$25:$C$33=BN$12)*($E$25:$E$33>$D$25:$D$33))+SUMPRODUCT(($I$25:$I$33=$BF15)*($L$25:$L$33=BN$12)*($J$25:$J$33>$K$25:$K$33))+SUMPRODUCT(($L$25:$L$33=$BF15)*($I$25:$I$33=BN$12)*($K$25:$K$33>$J$25:$J$33))+SUMPRODUCT(($O$25:$O$33=$BF15)*($R$25:$R$33=BN$12)*($P$25:$P$33>$Q$25:$Q$33))+SUMPRODUCT(($R$25:$R$33=$BF15)*($O$25:$O$33=BN$12)*($Q$25:$Q$33>$P$25:$P$33))+SUMPRODUCT(($C$37:$C$45=$BF15)*($F$37:$F$45=BN$12)*($D$37:$D$45>$E$37:$E$45))+SUMPRODUCT(($F$37:$F$45=$BF15)*($C$37:$C$45=BN$12)*($E$37:$E$45>$D$37:$D$45))+SUMPRODUCT(($I$37:$I$45=$BF15)*($L$37:$L$45=BN$12)*($J$37:$J$45>$K$37:$K$45))+SUMPRODUCT(($L$37:$L$45=$BF15)*($I$37:$I$45=BN$12)*($K$37:$K$45>$J$37:$J$45))+SUMPRODUCT(($O$37:$O$45=$BF15)*($R$37:$R$45=BN$12)*($P$37:$P$45>$Q$37:$Q$45))+SUMPRODUCT(($R$37:$R$45=$BF15)*($O$37:$O$45=BN$12)*($Q$37:$Q$45>$P$37:$P$45)) -> 1 | BO15: =SUMPRODUCT(($C$14:$C$22=$BF15)*($F$14:$F$22=BO$12)*($D$14:$D$22>$E$14:$E$22))+SUMPRODUCT(($F$14:$F$22=$BF15)*($C$14:$C$22=BO$12)*($E$14:$E$22>$D$14:$D$22))+SUMPRODUCT(($I$14:$I$22=$BF15)*($L$14:$L$22=BO$12)*($J$14:$J$22>$K$14:$K$22))+SUMPRODUCT(($L$14:$L$22=$BF15)*($I$14:$I$22=BO$12)*($K$14:$K$22>$J$14:$J$22))+SUMPRODUCT(($O$14:$O$22=$BF15)*($R$14:$R$22=BO$12)*($P$14:$P$22>$Q$14:$Q$22))+SUMPRODUCT(($R$14:$R$22=$BF15)*($O$14:$O$22=BO$12)*($Q$14:$Q$22>$P$14:$P$22))+SUMPRODUCT(($C$25:$C$33=$BF15)*($F$25:$F$33=BO$12)*($D$25:$D$33>$E$25:$E$33))+SUMPRODUCT(($F$25:$F$33=$BF15)*($C$25:$C$33=BO$12)*($E$25:$E$33>$D$25:$D$33))+SUMPRODUCT(($I$25:$I$33=$BF15)*($L$25:$L$33=BO$12)*($J$25:$J$33>$K$25:$K$33))+SUMPRODUCT(($L$25:$L$33=$BF15)*($I$25:$I$33=BO$12)*($K$25:$K$33>$J$25:$J$33))+SUMPRODUCT(($O$25:$O$33=$BF15)*($R$25:$R$33=BO$12)*($P$25:$P$33>$Q$25:$Q$33))+SUMPRODUCT(($R$25:$R$33=$BF15)*($O$25:$O$33=BO$12)*($Q$25:$Q$33>$P$25:$P$33))+SUMPRODUCT(($C$37:$C$45=$BF15)*($F$37:$F$45=BO$12)*($D$37:$D$45>$E$37:$E$45))+SUMPRODUCT(($F$37:$F$45=$BF15)*($C$37:$C$45=BO$12)*($E$37:$E$45>$D$37:$D$45))+SUMPRODUCT(($I$37:$I$45=$BF15)*($L$37:$L$45=BO$12)*($J$37:$J$45>$K$37:$K$45))+SUMPRODUCT(($L$37:$L$45=$BF15)*($I$37:$I$45=BO$12)*($K$37:$K$45>$J$37:$J$45))+SUMPRODUCT(($O$37:$O$45=$BF15)*($R$37:$R$45=BO$12)*($P$37:$P$45>$Q$37:$Q$45))+SUMPRODUCT(($R$37:$R$45=$BF15)*($O$37:$O$45=BO$12)*($Q$37:$Q$45>$P$37:$P$45)) -> 1
BF16: EVOS | BG16: =SUMPRODUCT(($C$14:$C$22=$BF16)*($F$14:$F$22=BG$12)*($D$14:$D$22>$E$14:$E$22))+SUMPRODUCT(($F$14:$F$22=$BF16)*($C$14:$C$22=BG$12)*($E$14:$E$22>$D$14:$D$22))+SUMPRODUCT(($I$14:$I$22=$BF16)*($L$14:$L$22=BG$12)*($J$14:$J$22>$K$14:$K$22))+SUMPRODUCT(($L$14:$L$22=$BF16)*($I$14:$I$22=BG$12)*($K$14:$K$22>$J$14:$J$22))+SUMPRODUCT(($O$14:$O$22=$BF16)*($R$14:$R$22=BG$12)*($P$14:$P$22>$Q$14:$Q$22))+SUMPRODUCT(($R$14:$R$22=$BF16)*($O$14:$O$22=BG$12)*($Q$14:$Q$22>$P$14:$P$22))+SUMPRODUCT(($C$25:$C$33=$BF16)*($F$25:$F$33=BG$12)*($D$25:$D$33>$E$25:$E$33))+SUMPRODUCT(($F$25:$F$33=$BF16)*($C$25:$C$33=BG$12)*($E$25:$E$33>$D$25:$D$33))+SUMPRODUCT(($I$25:$I$33=$BF16)*($L$25:$L$33=BG$12)*($J$25:$J$33>$K$25:$K$33))+SUMPRODUCT(($L$25:$L$33=$BF16)*($I$25:$I$33=BG$12)*($K$25:$K$33>$J$25:$J$33))+SUMPRODUCT(($O$25:$O$33=$BF16)*($R$25:$R$33=BG$12)*($P$25:$P$33>$Q$25:$Q$33))+SUMPRODUCT(($R$25:$R$33=$BF16)*($O$25:$O$33=BG$12)*($Q$25:$Q$33>$P$25:$P$33))+SUMPRODUCT(($C$37:$C$45=$BF16)*($F$37:$F$45=BG$12)*($D$37:$D$45>$E$37:$E$45))+SUMPRODUCT(($F$37:$F$45=$BF16)*($C$37:$C$45=BG$12)*($E$37:$E$45>$D$37:$D$45))+SUMPRODUCT(($I$37:$I$45=$BF16)*($L$37:$L$45=BG$12)*($J$37:$J$45>$K$37:$K$45))+SUMPRODUCT(($L$37:$L$45=$BF16)*($I$37:$I$45=BG$12)*($K$37:$K$45>$J$37:$J$45))+SUMPRODUCT(($O$37:$O$45=$BF16)*($R$37:$R$45=BG$12)*($P$37:$P$45>$Q$37:$Q$45))+SUMPRODUCT(($R$37:$R$45=$BF16)*($O$37:$O$45=BG$12)*($Q$37:$Q$45>$P$37:$P$45)) -> 0 | BH16: =SUMPRODUCT(($C$14:$C$22=$BF16)*($F$14:$F$22=BH$12)*($D$14:$D$22>$E$14:$E$22))+SUMPRODUCT(($F$14:$F$22=$BF16)*($C$14:$C$22=BH$12)*($E$14:$E$22>$D$14:$D$22))+SUMPRODUCT(($I$14:$I$22=$BF16)*($L$14:$L$22=BH$12)*($J$14:$J$22>$K$14:$K$22))+SUMPRODUCT(($L$14:$L$22=$BF16)*($I$14:$I$22=BH$12)*($K$14:$K$22>$J$14:$J$22))+SUMPRODUCT(($O$14:$O$22=$BF16)*($R$14:$R$22=BH$12)*($P$14:$P$22>$Q$14:$Q$22))+SUMPRODUCT(($R$14:$R$22=$BF16)*($O$14:$O$22=BH$12)*($Q$14:$Q$22>$P$14:$P$22))+SUMPRODUCT(($C$25:$C$33=$BF16)*($F$25:$F$33=BH$12)*($D$25:$D$33>$E$25:$E$33))+SUMPRODUCT(($F$25:$F$33=$BF16)*($C$25:$C$33=BH$12)*($E$25:$E$33>$D$25:$D$33))+SUMPRODUCT(($I$25:$I$33=$BF16)*($L$25:$L$33=BH$12)*($J$25:$J$33>$K$25:$K$33))+SUMPRODUCT(($L$25:$L$33=$BF16)*($I$25:$I$33=BH$12)*($K$25:$K$33>$J$25:$J$33))+SUMPRODUCT(($O$25:$O$33=$BF16)*($R$25:$R$33=BH$12)*($P$25:$P$33>$Q$25:$Q$33))+SUMPRODUCT(($R$25:$R$33=$BF16)*($O$25:$O$33=BH$12)*($Q$25:$Q$33>$P$25:$P$33))+SUMPRODUCT(($C$37:$C$45=$BF16)*($F$37:$F$45=BH$12)*($D$37:$D$45>$E$37:$E$45))+SUMPRODUCT(($F$37:$F$45=$BF16)*($C$37:$C$45=BH$12)*($E$37:$E$45>$D$37:$D$45))+SUMPRODUCT(($I$37:$I$45=$BF16)*($L$37:$L$45=BH$12)*($J$37:$J$45>$K$37:$K$45))+SUMPRODUCT(($L$37:$L$45=$BF16)*($I$37:$I$45=BH$12)*($K$37:$K$45>$J$37:$J$45))+SUMPRODUCT(($O$37:$O$45=$BF16)*($R$37:$R$45=BH$12)*($P$37:$P$45>$Q$37:$Q$45))+SUMPRODUCT(($R$37:$R$45=$BF16)*($O$37:$O$45=BH$12)*($Q$37:$Q$45>$P$37:$P$45)) -> 1 | BI16: =SUMPRODUCT(($C$14:$C$22=$BF16)*($F$14:$F$22=BI$12)*($D$14:$D$22>$E$14:$E$22))+SUMPRODUCT(($F$14:$F$22=$BF16)*($C$14:$C$22=BI$12)*($E$14:$E$22>$D$14:$D$22))+SUMPRODUCT(($I$14:$I$22=$BF16)*($L$14:$L$22=BI$12)*($J$14:$J$22>$K$14:$K$22))+SUMPRODUCT(($L$14:$L$22=$BF16)*($I$14:$I$22=BI$12)*($K$14:$K$22>$J$14:$J$22))+SUMPRODUCT(($O$14:$O$22=$BF16)*($R$14:$R$22=BI$12)*($P$14:$P$22>$Q$14:$Q$22))+SUMPRODUCT(($R$14:$R$22=$BF16)*($O$14:$O$22=BI$12)*($Q$14:$Q$22>$P$14:$P$22))+SUMPRODUCT(($C$25:$C$33=$BF16)*($F$25:$F$33=BI$12)*($D$25:$D$33>$E$25:$E$33))+SUMPRODUCT(($F$25:$F$33=$BF16)*($C$25:$C$33=BI$12)*($E$25:$E$33>$D$25:$D$33))+SUMPRODUCT(($I$25:$I$33=$BF16)*($L$25:$L$33=BI$12)*($J$25:$J$33>$K$25:$K$33))+SUMPRODUCT(($L$25:$L$33=$BF16)*($I$25:$I$33=BI$12)*($K$25:$K$33>$J$25:$J$33))+SUMPRODUCT(($O$25:$O$33=$BF16)*($R$25:$R$33=BI$12)*($P$25:$P$33>$Q$25:$Q$33))+SUMPRODUCT(($R$25:$R$33=$BF16)*($O$25:$O$33=BI$12)*($Q$25:$Q$33>$P$25:$P$33))+SUMPRODUCT(($C$37:$C$45=$BF16)*($F$37:$F$45=BI$12)*($D$37:$D$45>$E$37:$E$45))+SUMPRODUCT(($F$37:$F$45=$BF16)*($C$37:$C$45=BI$12)*($E$37:$E$45>$D$37:$D$45))+SUMPRODUCT(($I$37:$I$45=$BF16)*($L$37:$L$45=BI$12)*($J$37:$J$45>$K$37:$K$45))+SUMPRODUCT(($L$37:$L$45=$BF16)*($I$37:$I$45=BI$12)*($K$37:$K$45>$J$37:$J$45))+SUMPRODUCT(($O$37:$O$45=$BF16)*($R$37:$R$45=BI$12)*($P$37:$P$45>$Q$37:$Q$45))+SUMPRODUCT(($R$37:$R$45=$BF16)*($O$37:$O$45=BI$12)*($Q$37:$Q$45>$P$37:$P$45)) -> 2 | BJ16: =SUMPRODUCT(($C$14:$C$22=$BF16)*($F$14:$F$22=BJ$12)*($D$14:$D$22>$E$14:$E$22))+SUMPRODUCT(($F$14:$F$22=$BF16)*($C$14:$C$22=BJ$12)*($E$14:$E$22>$D$14:$D$22))+SUMPRODUCT(($I$14:$I$22=$BF16)*($L$14:$L$22=BJ$12)*($J$14:$J$22>$K$14:$K$22))+SUMPRODUCT(($L$14:$L$22=$BF16)*($I$14:$I$22=BJ$12)*($K$14:$K$22>$J$14:$J$22))+SUMPRODUCT(($O$14:$O$22=$BF16)*($R$14:$R$22=BJ$12)*($P$14:$P$22>$Q$14:$Q$22))+SUMPRODUCT(($R$14:$R$22=$BF16)*($O$14:$O$22=BJ$12)*($Q$14:$Q$22>$P$14:$P$22))+SUMPRODUCT(($C$25:$C$33=$BF16)*($F$25:$F$33=BJ$12)*($D$25:$D$33>$E$25:$E$33))+SUMPRODUCT(($F$25:$F$33=$BF16)*($C$25:$C$33=BJ$12)*($E$25:$E$33>$D$25:$D$33))+SUMPRODUCT(($I$25:$I$33=$BF16)*($L$25:$L$33=BJ$12)*($J$25:$J$33>$K$25:$K$33))+SUMPRODUCT(($L$25:$L$33=$BF16)*($I$25:$I$33=BJ$12)*($K$25:$K$33>$J$25:$J$33))+SUMPRODUCT(($O$25:$O$33=$BF16)*($R$25:$R$33=BJ$12)*($P$25:$P$33>$Q$25:$Q$33))+SUMPRODUCT(($R$25:$R$33=$BF16)*($O$25:$O$33=BJ$12)*($Q$25:$Q$33>$P$25:$P$33))+SUMPRODUCT(($C$37:$C$45=$BF16)*($F$37:$F$45=BJ$12)*($D$37:$D$45>$E$37:$E$45))+SUMPRODUCT(($F$37:$F$45=$BF16)*($C$37:$C$45=BJ$12)*($E$37:$E$45>$D$37:$D$45))+SUMPRODUCT(($I$37:$I$45=$BF16)*($L$37:$L$45=BJ$12)*($J$37:$J$45>$K$37:$K$45))+SUMPRODUCT(($L$37:$L$45=$BF16)*($I$37:$I$45=BJ$12)*($K$37:$K$45>$J$37:$J$45))+SUMPRODUCT(($O$37:$O$45=$BF16)*($R$37:$R$45=BJ$12)*($P$37:$P$45>$Q$37:$Q$45))+SUMPRODUCT(($R$37:$R$45=$BF16)*($O$37:$O$45=BJ$12)*($Q$37:$Q$45>$P$37:$P$45)) -> 0 | BK16: =SUMPRODUCT(($C$14:$C$22=$BF16)*($F$14:$F$22=BK$12)*($D$14:$D$22>$E$14:$E$22))+SUMPRODUCT(($F$14:$F$22=$BF16)*($C$14:$C$22=BK$12)*($E$14:$E$22>$D$14:$D$22))+SUMPRODUCT(($I$14:$I$22=$BF16)*($L$14:$L$22=BK$12)*($J$14:$J$22>$K$14:$K$22))+SUMPRODUCT(($L$14:$L$22=$BF16)*($I$14:$I$22=BK$12)*($K$14:$K$22>$J$14:$J$22))+SUMPRODUCT(($O$14:$O$22=$BF16)*($R$14:$R$22=BK$12)*($P$14:$P$22>$Q$14:$Q$22))+SUMPRODUCT(($R$14:$R$22=$BF16)*($O$14:$O$22=BK$12)*($Q$14:$Q$22>$P$14:$P$22))+SUMPRODUCT(($C$25:$C$33=$BF16)*($F$25:$F$33=BK$12)*($D$25:$D$33>$E$25:$E$33))+SUMPRODUCT(($F$25:$F$33=$BF16)*($C$25:$C$33=BK$12)*($E$25:$E$33>$D$25:$D$33))+SUMPRODUCT(($I$25:$I$33=$BF16)*($L$25:$L$33=BK$12)*($J$25:$J$33>$K$25:$K$33))+SUMPRODUCT(($L$25:$L$33=$BF16)*($I$25:$I$33=BK$12)*($K$25:$K$33>$J$25:$J$33))+SUMPRODUCT(($O$25:$O$33=$BF16)*($R$25:$R$33=BK$12)*($P$25:$P$33>$Q$25:$Q$33))+SUMPRODUCT(($R$25:$R$33=$BF16)*($O$25:$O$33=BK$12)*($Q$25:$Q$33>$P$25:$P$33))+SUMPRODUCT(($C$37:$C$45=$BF16)*($F$37:$F$45=BK$12)*($D$37:$D$45>$E$37:$E$45))+SUMPRODUCT(($F$37:$F$45=$BF16)*($C$37:$C$45=BK$12)*($E$37:$E$45>$D$37:$D$45))+SUMPRODUCT(($I$37:$I$45=$BF16)*($L$37:$L$45=BK$12)*($J$37:$J$45>$K$37:$K$45))+SUMPRODUCT(($L$37:$L$45=$BF16)*($I$37:$I$45=BK$12)*($K$37:$K$45>$J$37:$J$45))+SUMPRODUCT(($O$37:$O$45=$BF16)*($R$37:$R$45=BK$12)*($P$37:$P$45>$Q$37:$Q$45))+SUMPRODUCT(($R$37:$R$45=$BF16)*($O$37:$O$45=BK$12)*($Q$37:$Q$45>$P$37:$P$45)) -> 1 | BL16: =SUMPRODUCT(($C$14:$C$22=$BF16)*($F$14:$F$22=BL$12)*($D$14:$D$22>$E$14:$E$22))+SUMPRODUCT(($F$14:$F$22=$BF16)*($C$14:$C$22=BL$12)*($E$14:$E$22>$D$14:$D$22))+SUMPRODUCT(($I$14:$I$22=$BF16)*($L$14:$L$22=BL$12)*($J$14:$J$22>$K$14:$K$22))+SUMPRODUCT(($L$14:$L$22=$BF16)*($I$14:$I$22=BL$12)*($K$14:$K$22>$J$14:$J$22))+SUMPRODUCT(($O$14:$O$22=$BF16)*($R$14:$R$22=BL$12)*($P$14:$P$22>$Q$14:$Q$22))+SUMPRODUCT(($R$14:$R$22=$BF16)*($O$14:$O$22=BL$12)*($Q$14:$Q$22>$P$14:$P$22))+SUMPRODUCT(($C$25:$C$33=$BF16)*($F$25:$F$33=BL$12)*($D$25:$D$33>$E$25:$E$33))+SUMPRODUCT(($F$25:$F$33=$BF16)*($C$25:$C$33=BL$12)*($E$25:$E$33>$D$25:$D$33))+SUMPRODUCT(($I$25:$I$33=$BF16)*($L$25:$L$33=BL$12)*($J$25:$J$33>$K$25:$K$33))+SUMPRODUCT(($L$25:$L$33=$BF16)*($I$25:$I$33=BL$12)*($K$25:$K$33>$J$25:$J$33))+SUMPRODUCT(($O$25:$O$33=$BF16)*($R$25:$R$33=BL$12)*($P$25:$P$33>$Q$25:$Q$33))+SUMPRODUCT(($R$25:$R$33=$BF16)*($O$25:$O$33=BL$12)*($Q$25:$Q$33>$P$25:$P$33))+SUMPRODUCT(($C$37:$C$45=$BF16)*($F$37:$F$45=BL$12)*($D$37:$D$45>$E$37:$E$45))+SUMPRODUCT(($F$37:$F$45=$BF16)*($C$37:$C$45=BL$12)*($E$37:$E$45>$D$37:$D$45))+SUMPRODUCT(($I$37:$I$45=$BF16)*($L$37:$L$45=BL$12)*($J$37:$J$45>$K$37:$K$45))+SUMPRODUCT(($L$37:$L$45=$BF16)*($I$37:$I$45=BL$12)*($K$37:$K$45>$J$37:$J$45))+SUMPRODUCT(($O$37:$O$45=$BF16)*($R$37:$R$45=BL$12)*($P$37:$P$45>$Q$37:$Q$45))+SUMPRODUCT(($R$37:$R$45=$BF16)*($O$37:$O$45=BL$12)*($Q$37:$Q$45>$P$37:$P$45)) -> 0 | BM16: =SUMPRODUCT(($C$14:$C$22=$BF16)*($F$14:$F$22=BM$12)*($D$14:$D$22>$E$14:$E$22))+SUMPRODUCT(($F$14:$F$22=$BF16)*($C$14:$C$22=BM$12)*($E$14:$E$22>$D$14:$D$22))+SUMPRODUCT(($I$14:$I$22=$BF16)*($L$14:$L$22=BM$12)*($J$14:$J$22>$K$14:$K$22))+SUMPRODUCT(($L$14:$L$22=$BF16)*($I$14:$I$22=BM$12)*($K$14:$K$22>$J$14:$J$22))+SUMPRODUCT(($O$14:$O$22=$BF16)*($R$14:$R$22=BM$12)*($P$14:$P$22>$Q$14:$Q$22))+SUMPRODUCT(($R$14:$R$22=$BF16)*($O$14:$O$22=BM$12)*($Q$14:$Q$22>$P$14:$P$22))+SUMPRODUCT(($C$25:$C$33=$BF16)*($F$25:$F$33=BM$12)*($D$25:$D$33>$E$25:$E$33))+SUMPRODUCT(($F$25:$F$33=$BF16)*($C$25:$C$33=BM$12)*($E$25:$E$33>$D$25:$D$33))+SUMPRODUCT(($I$25:$I$33=$BF16)*($L$25:$L$33=BM$12)*($J$25:$J$33>$K$25:$K$33))+SUMPRODUCT(($L$25:$L$33=$BF16)*($I$25:$I$33=BM$12)*($K$25:$K$33>$J$25:$J$33))+SUMPRODUCT(($O$25:$O$33=$BF16)*($R$25:$R$33=BM$12)*($P$25:$P$33>$Q$25:$Q$33))+SUMPRODUCT(($R$25:$R$33=$BF16)*($O$25:$O$33=BM$12)*($Q$25:$Q$33>$P$25:$P$33))+SUMPRODUCT(($C$37:$C$45=$BF16)*($F$37:$F$45=BM$12)*($D$37:$D$45>$E$37:$E$45))+SUMPRODUCT(($F$37:$F$45=$BF16)*($C$37:$C$45=BM$12)*($E$37:$E$45>$D$37:$D$45))+SUMPRODUCT(($I$37:$I$45=$BF16)*($L$37:$L$45=BM$12)*($J$37:$J$45>$K$37:$K$45))+SUMPRODUCT(($L$37:$L$45=$BF16)*($I$37:$I$45=BM$12)*($K$37:$K$45>$J$37:$J$45))+SUMPRODUCT(($O$37:$O$45=$BF16)*($R$37:$R$45=BM$12)*($P$37:$P$45>$Q$37:$Q$45))+SUMPRODUCT(($R$37:$R$45=$BF16)*($O$37:$O$45=BM$12)*($Q$37:$Q$45>$P$37:$P$45)) -> 1 | BN16: =SUMPRODUCT(($C$14:$C$22=$BF16)*($F$14:$F$22=BN$12)*($D$14:$D$22>$E$14:$E$22))+SUMPRODUCT(($F$14:$F$22=$BF16)*($C$14:$C$22=BN$12)*($E$14:$E$22>$D$14:$D$22))+SUMPRODUCT(($I$14:$I$22=$BF16)*($L$14:$L$22=BN$12)*($J$14:$J$22>$K$14:$K$22))+SUMPRODUCT(($L$14:$L$22=$BF16)*($I$14:$I$22=BN$12)*($K$14:$K$22>$J$14:$J$22))+SUMPRODUCT(($O$14:$O$22=$BF16)*($R$14:$R$22=BN$12)*($P$14:$P$22>$Q$14:$Q$22))+SUMPRODUCT(($R$14:$R$22=$BF16)*($O$14:$O$22=BN$12)*($Q$14:$Q$22>$P$14:$P$22))+SUMPRODUCT(($C$25:$C$33=$BF16)*($F$25:$F$33=BN$12)*($D$25:$D$33>$E$25:$E$33))+SUMPRODUCT(($F$25:$F$33=$BF16)*($C$25:$C$33=BN$12)*($E$25:$E$33>$D$25:$D$33))+SUMPRODUCT(($I$25:$I$33=$BF16)*($L$25:$L$33=BN$12)*($J$25:$J$33>$K$25:$K$33))+SUMPRODUCT(($L$25:$L$33=$BF16)*($I$25:$I$33=BN$12)*($K$25:$K$33>$J$25:$J$33))+SUMPRODUCT(($O$25:$O$33=$BF16)*($R$25:$R$33=BN$12)*($P$25:$P$33>$Q$25:$Q$33))+SUMPRODUCT(($R$25:$R$33=$BF16)*($O$25:$O$33=BN$12)*($Q$25:$Q$33>$P$25:$P$33))+SUMPRODUCT(($C$37:$C$45=$BF16)*($F$37:$F$45=BN$12)*($D$37:$D$45>$E$37:$E$45))+SUMPRODUCT(($F$37:$F$45=$BF16)*($C$37:$C$45=BN$12)*($E$37:$E$45>$D$37:$D$45))+SUMPRODUCT(($I$37:$I$45=$BF16)*($L$37:$L$45=BN$12)*($J$37:$J$45>$K$37:$K$45))+SUMPRODUCT(($L$37:$L$45=$BF16)*($I$37:$I$45=BN$12)*($K$37:$K$45>$J$37:$J$45))+SUMPRODUCT(($O$37:$O$45=$BF16)*($R$37:$R$45=BN$12)*($P$37:$P$45>$Q$37:$Q$45))+SUMPRODUCT(($R$37:$R$45=$BF16)*($O$37:$O$45=BN$12)*($Q$37:$Q$45>$P$37:$P$45)) -> 1 | BO16: =SUMPRODUCT(($C$14:$C$22=$BF16)*($F$14:$F$22=BO$12)*($D$14:$D$22>$E$14:$E$22))+SUMPRODUCT(($F$14:$F$22=$BF16)*($C$14:$C$22=BO$12)*($E$14:$E$22>$D$14:$D$22))+SUMPRODUCT(($I$14:$I$22=$BF16)*($L$14:$L$22=BO$12)*($J$14:$J$22>$K$14:$K$22))+SUMPRODUCT(($L$14:$L$22=$BF16)*($I$14:$I$22=BO$12)*($K$14:$K$22>$J$14:$J$22))+SUMPRODUCT(($O$14:$O$22=$BF16)*($R$14:$R$22=BO$12)*($P$14:$P$22>$Q$14:$Q$22))+SUMPRODUCT(($R$14:$R$22=$BF16)*($O$14:$O$22=BO$12)*($Q$14:$Q$22>$P$14:$P$22))+SUMPRODUCT(($C$25:$C$33=$BF16)*($F$25:$F$33=BO$12)*($D$25:$D$33>$E$25:$E$33))+SUMPRODUCT(($F$25:$F$33=$BF16)*($C$25:$C$33=BO$12)*($E$25:$E$33>$D$25:$D$33))+SUMPRODUCT(($I$25:$I$33=$BF16)*($L$25:$L$33=BO$12)*($J$25:$J$33>$K$25:$K$33))+SUMPRODUCT(($L$25:$L$33=$BF16)*($I$25:$I$33=BO$12)*($K$25:$K$33>$J$25:$J$33))+SUMPRODUCT(($O$25:$O$33=$BF16)*($R$25:$R$33=BO$12)*($P$25:$P$33>$Q$25:$Q$33))+SUMPRODUCT(($R$25:$R$33=$BF16)*($O$25:$O$33=BO$12)*($Q$25:$Q$33>$P$25:$P$33))+SUMPRODUCT(($C$37:$C$45=$BF16)*($F$37:$F$45=BO$12)*($D$37:$D$45>$E$37:$E$45))+SUMPRODUCT(($F$37:$F$45=$BF16)*($C$37:$C$45=BO$12)*($E$37:$E$45>$D$37:$D$45))+SUMPRODUCT(($I$37:$I$45=$BF16)*($L$37:$L$45=BO$12)*($J$37:$J$45>$K$37:$K$45))+SUMPRODUCT(($L$37:$L$45=$BF16)*($I$37:$I$45=BO$12)*($K$37:$K$45>$J$37:$J$45))+SUMPRODUCT(($O$37:$O$45=$BF16)*($R$37:$R$45=BO$12)*($P$37:$P$45>$Q$37:$Q$45))+SUMPRODUCT(($R$37:$R$45=$BF16)*($O$37:$O$45=BO$12)*($Q$37:$Q$45>$P$37:$P$45)) -> 1
B17: Day 2 | C17: TLID | D17: 2 | E17: 1 | F17: GEEK | H17: Day 2 | I17: TLID | J17: 2 | K17: 0 | L17: EVOS | N17: Day 2 | O17: TLID | P17: 2 | Q17: 1 | R17: ONIC | BF17: GEEK | BG17: =SUMPRODUCT(($C$14:$C$22=$BF17)*($F$14:$F$22=BG$12)*($D$14:$D$22>$E$14:$E$22))+SUMPRODUCT(($F$14:$F$22=$BF17)*($C$14:$C$22=BG$12)*($E$14:$E$22>$D$14:$D$22))+SUMPRODUCT(($I$14:$I$22=$BF17)*($L$14:$L$22=BG$12)*($J$14:$J$22>$K$14:$K$22))+SUMPRODUCT(($L$14:$L$22=$BF17)*($I$14:$I$22=BG$12)*($K$14:$K$22>$J$14:$J$22))+SUMPRODUCT(($O$14:$O$22=$BF17)*($R$14:$R$22=BG$12)*($P$14:$P$22>$Q$14:$Q$22))+SUMPRODUCT(($R$14:$R$22=$BF17)*($O$14:$O$22=BG$12)*($Q$14:$Q$22>$P$14:$P$22))+SUMPRODUCT(($C$25:$C$33=$BF17)*($F$25:$F$33=BG$12)*($D$25:$D$33>$E$25:$E$33))+SUMPRODUCT(($F$25:$F$33=$BF17)*($C$25:$C$33=BG$12)*($E$25:$E$33>$D$25:$D$33))+SUMPRODUCT(($I$25:$I$33=$BF17)*($L$25:$L$33=BG$12)*($J$25:$J$33>$K$25:$K$33))+SUMPRODUCT(($L$25:$L$33=$BF17)*($I$25:$I$33=BG$12)*($K$25:$K$33>$J$25:$J$33))+SUMPRODUCT(($O$25:$O$33=$BF17)*($R$25:$R$33=BG$12)*($P$25:$P$33>$Q$25:$Q$33))+SUMPRODUCT(($R$25:$R$33=$BF17)*($O$25:$O$33=BG$12)*($Q$25:$Q$33>$P$25:$P$33))+SUMPRODUCT(($C$37:$C$45=$BF17)*($F$37:$F$45=BG$12)*($D$37:$D$45>$E$37:$E$45))+SUMPRODUCT(($F$37:$F$45=$BF17)*($C$37:$C$45=BG$12)*($E$37:$E$45>$D$37:$D$45))+SUMPRODUCT(($I$37:$I$45=$BF17)*($L$37:$L$45=BG$12)*($J$37:$J$45>$K$37:$K$45))+SUMPRODUCT(($L$37:$L$45=$BF17)*($I$37:$I$45=BG$12)*($K$37:$K$45>$J$37:$J$45))+SUMPRODUCT(($O$37:$O$45=$BF17)*($R$37:$R$45=BG$12)*($P$37:$P$45>$Q$37:$Q$45))+SUMPRODUCT(($R$37:$R$45=$BF17)*($O$37:$O$45=BG$12)*($Q$37:$Q$45>$P$37:$P$45)) -> 0 | BH17: =SUMPRODUCT(($C$14:$C$22=$BF17)*($F$14:$F$22=BH$12)*($D$14:$D$22>$E$14:$E$22))+SUMPRODUCT(($F$14:$F$22=$BF17)*($C$14:$C$22=BH$12)*($E$14:$E$22>$D$14:$D$22))+SUMPRODUCT(($I$14:$I$22=$BF17)*($L$14:$L$22=BH$12)*($J$14:$J$22>$K$14:$K$22))+SUMPRODUCT(($L$14:$L$22=$BF17)*($I$14:$I$22=BH$12)*($K$14:$K$22>$J$14:$J$22))+SUMPRODUCT(($O$14:$O$22=$BF17)*($R$14:$R$22=BH$12)*($P$14:$P$22>$Q$14:$Q$22))+SUMPRODUCT(($R$14:$R$22=$BF17)*($O$14:$O$22=BH$12)*($Q$14:$Q$22>$P$14:$P$22))+SUMPRODUCT(($C$25:$C$33=$BF17)*($F$25:$F$33=BH$12)*($D$25:$D$33>$E$25:$E$33))+SUMPRODUCT(($F$25:$F$33=$BF17)*($C$25:$C$33=BH$12)*($E$25:$E$33>$D$25:$D$33))+SUMPRODUCT(($I$25:$I$33=$BF17)*($L$25:$L$33=BH$12)*($J$25:$J$33>$K$25:$K$33))+SUMPRODUCT(($L$25:$L$33=$BF17)*($I$25:$I$33=BH$12)*($K$25:$K$33>$J$25:$J$33))+SUMPRODUCT(($O$25:$O$33=$BF17)*($R$25:$R$33=BH$12)*($P$25:$P$33>$Q$25:$Q$33))+SUMPRODUCT(($R$25:$R$33=$BF17)*($O$25:$O$33=BH$12)*($Q$25:$Q$33>$P$25:$P$33))+SUMPRODUCT(($C$37:$C$45=$BF17)*($F$37:$F$45=BH$12)*($D$37:$D$45>$E$37:$E$45))+SUMPRODUCT(($F$37:$F$45=$BF17)*($C$37:$C$45=BH$12)*($E$37:$E$45>$D$37:$D$45))+SUMPRODUCT(($I$37:$I$45=$BF17)*($L$37:$L$45=BH$12)*($J$37:$J$45>$K$37:$K$45))+SUMPRODUCT(($L$37:$L$45=$BF17)*($I$37:$I$45=BH$12)*($K$37:$K$45>$J$37:$J$45))+SUMPRODUCT(($O$37:$O$45=$BF17)*($R$37:$R$45=BH$12)*($P$37:$P$45>$Q$37:$Q$45))+SUMPRODUCT(($R$37:$R$45=$BF17)*($O$37:$O$45=BH$12)*($Q$37:$Q$45>$P$37:$P$45)) -> 0 | BI17: =SUMPRODUCT(($C$14:$C$22=$BF17)*($F$14:$F$22=BI$12)*($D$14:$D$22>$E$14:$E$22))+SUMPRODUCT(($F$14:$F$22=$BF17)*($C$14:$C$22=BI$12)*($E$14:$E$22>$D$14:$D$22))+SUMPRODUCT(($I$14:$I$22=$BF17)*($L$14:$L$22=BI$12)*($J$14:$J$22>$K$14:$K$22))+SUMPRODUCT(($L$14:$L$22=$BF17)*($I$14:$I$22=BI$12)*($K$14:$K$22>$J$14:$J$22))+SUMPRODUCT(($O$14:$O$22=$BF17)*($R$14:$R$22=BI$12)*($P$14:$P$22>$Q$14:$Q$22))+SUMPRODUCT(($R$14:$R$22=$BF17)*($O$14:$O$22=BI$12)*($Q$14:$Q$22>$P$14:$P$22))+SUMPRODUCT(($C$25:$C$33=$BF17)*($F$25:$F$33=BI$12)*($D$25:$D$33>$E$25:$E$33))+SUMPRODUCT(($F$25:$F$33=$BF17)*($C$25:$C$33=BI$12)*($E$25:$E$33>$D$25:$D$33))+SUMPRODUCT(($I$25:$I$33=$BF17)*($L$25:$L$33=BI$12)*($J$25:$J$33>$K$25:$K$33))+SUMPRODUCT(($L$25:$L$33=$BF17)*($I$25:$I$33=BI$12)*($K$25:$K$33>$J$25:$J$33))+SUMPRODUCT(($O$25:$O$33=$BF17)*($R$25:$R$33=BI$12)*($P$25:$P$33>$Q$25:$Q$33))+SUMPRODUCT(($R$25:$R$33=$BF17)*($O$25:$O$33=BI$12)*($Q$25:$Q$33>$P$25:$P$33))+SUMPRODUCT(($C$37:$C$45=$BF17)*($F$37:$F$45=BI$12)*($D$37:$D$45>$E$37:$E$45))+SUMPRODUCT(($F$37:$F$45=$BF17)*($C$37:$C$45=BI$12)*($E$37:$E$45>$D$37:$D$45))+SUMPRODUCT(($I$37:$I$45=$BF17)*($L$37:$L$45=BI$12)*($J$37:$J$45>$K$37:$K$45))+SUMPRODUCT(($L$37:$L$45=$BF17)*($I$37:$I$45=BI$12)*($K$37:$K$45>$J$37:$J$45))+SUMPRODUCT(($O$37:$O$45=$BF17)*($R$37:$R$45=BI$12)*($P$37:$P$45>$Q$37:$Q$45))+SUMPRODUCT(($R$37:$R$45=$BF17)*($O$37:$O$45=BI$12)*($Q$37:$Q$45>$P$37:$P$45)) -> 1 | BJ17: =SUMPRODUCT(($C$14:$C$22=$BF17)*($F$14:$F$22=BJ$12)*($D$14:$D$22>$E$14:$E$22))+SUMPRODUCT(($F$14:$F$22=$BF17)*($C$14:$C$22=BJ$12)*($E$14:$E$22>$D$14:$D$22))+SUMPRODUCT(($I$14:$I$22=$BF17)*($L$14:$L$22=BJ$12)*($J$14:$J$22>$K$14:$K$22))+SUMPRODUCT(($L$14:$L$22=$BF17)*($I$14:$I$22=BJ$12)*($K$14:$K$22>$J$14:$J$22))+SUMPRODUCT(($O$14:$O$22=$BF17)*($R$14:$R$22=BJ$12)*($P$14:$P$22>$Q$14:$Q$22))+SUMPRODUCT(($R$14:$R$22=$BF17)*($O$14:$O$22=BJ$12)*($Q$14:$Q$22>$P$14:$P$22))+SUMPRODUCT(($C$25:$C$33=$BF17)*($F$25:$F$33=BJ$12)*($D$25:$D$33>$E$25:$E$33))+SUMPRODUCT(($F$25:$F$33=$BF17)*($C$25:$C$33=BJ$12)*($E$25:$E$33>$D$25:$D$33))+SUMPRODUCT(($I$25:$I$33=$BF17)*($L$25:$L$33=BJ$12)*($J$25:$J$33>$K$25:$K$33))+SUMPRODUCT(($L$25:$L$33=$BF17)*($I$25:$I$33=BJ$12)*($K$25:$K$33>$J$25:$J$33))+SUMPRODUCT(($O$25:$O$33=$BF17)*($R$25:$R$33=BJ$12)*($P$25:$P$33>$Q$25:$Q$33))+SUMPRODUCT(($R$25:$R$33=$BF17)*($O$25:$O$33=BJ$12)*($Q$25:$Q$33>$P$25:$P$33))+SUMPRODUCT(($C$37:$C$45=$BF17)*($F$37:$F$45=BJ$12)*($D$37:$D$45>$E$37:$E$45))+SUMPRODUCT(($F$37:$F$45=$BF17)*($C$37:$C$45=BJ$12)*($E$37:$E$45>$D$37:$D$45))+SUMPRODUCT(($I$37:$I$45=$BF17)*($L$37:$L$45=BJ$12)*($J$37:$J$45>$K$37:$K$45))+SUMPRODUCT(($L$37:$L$45=$BF17)*($I$37:$I$45=BJ$12)*($K$37:$K$45>$J$37:$J$45))+SUMPRODUCT(($O$37:$O$45=$BF17)*($R$37:$R$45=BJ$12)*($P$37:$P$45>$Q$37:$Q$45))+SUMPRODUCT(($R$37:$R$45=$BF17)*($O$37:$O$45=BJ$12)*($Q$37:$Q$45>$P$37:$P$45)) -> 0 | BK17: =SUMPRODUCT(($C$14:$C$22=$BF17)*($F$14:$F$22=BK$12)*($D$14:$D$22>$E$14:$E$22))+SUMPRODUCT(($F$14:$F$22=$BF17)*($C$14:$C$22=BK$12)*($E$14:$E$22>$D$14:$D$22))+SUMPRODUCT(($I$14:$I$22=$BF17)*($L$14:$L$22=BK$12)*($J$14:$J$22>$K$14:$K$22))+SUMPRODUCT(($L$14:$L$22=$BF17)*($I$14:$I$22=BK$12)*($K$14:$K$22>$J$14:$J$22))+SUMPRODUCT(($O$14:$O$22=$BF17)*($R$14:$R$22=BK$12)*($P$14:$P$22>$Q$14:$Q$22))+SUMPRODUCT(($R$14:$R$22=$BF17)*($O$14:$O$22=BK$12)*($Q$14:$Q$22>$P$14:$P$22))+SUMPRODUCT(($C$25:$C$33=$BF17)*($F$25:$F$33=BK$12)*($D$25:$D$33>$E$25:$E$33))+SUMPRODUCT(($F$25:$F$33=$BF17)*($C$25:$C$33=BK$12)*($E$25:$E$33>$D$25:$D$33))+SUMPRODUCT(($I$25:$I$33=$BF17)*($L$25:$L$33=BK$12)*($J$25:$J$33>$K$25:$K$33))+SUMPRODUCT(($L$25:$L$33=$BF17)*($I$25:$I$33=BK$12)*($K$25:$K$33>$J$25:$J$33))+SUMPRODUCT(($O$25:$O$33=$BF17)*($R$25:$R$33=BK$12)*($P$25:$P$33>$Q$25:$Q$33))+SUMPRODUCT(($R$25:$R$33=$BF17)*($O$25:$O$33=BK$12)*($Q$25:$Q$33>$P$25:$P$33))+SUMPRODUCT(($C$37:$C$45=$BF17)*($F$37:$F$45=BK$12)*($D$37:$D$45>$E$37:$E$45))+SUMPRODUCT(($F$37:$F$45=$BF17)*($C$37:$C$45=BK$12)*($E$37:$E$45>$D$37:$D$45))+SUMPRODUCT(($I$37:$I$45=$BF17)*($L$37:$L$45=BK$12)*($J$37:$J$45>$K$37:$K$45))+SUMPRODUCT(($L$37:$L$45=$BF17)*($I$37:$I$45=BK$12)*($K$37:$K$45>$J$37:$J$45))+SUMPRODUCT(($O$37:$O$45=$BF17)*($R$37:$R$45=BK$12)*($P$37:$P$45>$Q$37:$Q$45))+SUMPRODUCT(($R$37:$R$45=$BF17)*($O$37:$O$45=BK$12)*($Q$37:$Q$45>$P$37:$P$45)) -> 0 | BL17: =SUMPRODUCT(($C$14:$C$22=$BF17)*($F$14:$F$22=BL$12)*($D$14:$D$22>$E$14:$E$22))+SUMPRODUCT(($F$14:$F$22=$BF17)*($C$14:$C$22=BL$12)*($E$14:$E$22>$D$14:$D$22))+SUMPRODUCT(($I$14:$I$22=$BF17)*($L$14:$L$22=BL$12)*($J$14:$J$22>$K$14:$K$22))+SUMPRODUCT(($L$14:$L$22=$BF17)*($I$14:$I$22=BL$12)*($K$14:$K$22>$J$14:$J$22))+SUMPRODUCT(($O$14:$O$22=$BF17)*($R$14:$R$22=BL$12)*($P$14:$P$22>$Q$14:$Q$22))+SUMPRODUCT(($R$14:$R$22=$BF17)*($O$14:$O$22=BL$12)*($Q$14:$Q$22>$P$14:$P$22))+SUMPRODUCT(($C$25:$C$33=$BF17)*($F$25:$F$33=BL$12)*($D$25:$D$33>$E$25:$E$33))+SUMPRODUCT(($F$25:$F$33=$BF17)*($C$25:$C$33=BL$12)*($E$25:$E$33>$D$25:$D$33))+SUMPRODUCT(($I$25:$I$33=$BF17)*($L$25:$L$33=BL$12)*($J$25:$J$33>$K$25:$K$33))+SUMPRODUCT(($L$25:$L$33=$BF17)*($I$25:$I$33=BL$12)*($K$25:$K$33>$J$25:$J$33))+SUMPRODUCT(($O$25:$O$33=$BF17)*($R$25:$R$33=BL$12)*($P$25:$P$33>$Q$25:$Q$33))+SUMPRODUCT(($R$25:$R$33=$BF17)*($O$25:$O$33=BL$12)*($Q$25:$Q$33>$P$25:$P$33))+SUMPRODUCT(($C$37:$C$45=$BF17)*($F$37:$F$45=BL$12)*($D$37:$D$45>$E$37:$E$45))+SUMPRODUCT(($F$37:$F$45=$BF17)*($C$37:$C$45=BL$12)*($E$37:$E$45>$D$37:$D$45))+SUMPRODUCT(($I$37:$I$45=$BF17)*($L$37:$L$45=BL$12)*($J$37:$J$45>$K$37:$K$45))+SUMPRODUCT(($L$37:$L$45=$BF17)*($I$37:$I$45=BL$12)*($K$37:$K$45>$J$37:$J$45))+SUMPRODUCT(($O$37:$O$45=$BF17)*($R$37:$R$45=BL$12)*($P$37:$P$45>$Q$37:$Q$45))+SUMPRODUCT(($R$37:$R$45=$BF17)*($O$37:$O$45=BL$12)*($Q$37:$Q$45>$P$37:$P$45)) -> 0 | BM17: =SUMPRODUCT(($C$14:$C$22=$BF17)*($F$14:$F$22=BM$12)*($D$14:$D$22>$E$14:$E$22))+SUMPRODUCT(($F$14:$F$22=$BF17)*($C$14:$C$22=BM$12)*($E$14:$E$22>$D$14:$D$22))+SUMPRODUCT(($I$14:$I$22=$BF17)*($L$14:$L$22=BM$12)*($J$14:$J$22>$K$14:$K$22))+SUMPRODUCT(($L$14:$L$22=$BF17)*($I$14:$I$22=BM$12)*($K$14:$K$22>$J$14:$J$22))+SUMPRODUCT(($O$14:$O$22=$BF17)*($R$14:$R$22=BM$12)*($P$14:$P$22>$Q$14:$Q$22))+SUMPRODUCT(($R$14:$R$22=$BF17)*($O$14:$O$22=BM$12)*($Q$14:$Q$22>$P$14:$P$22))+SUMPRODUCT(($C$25:$C$33=$BF17)*($F$25:$F$33=BM$12)*($D$25:$D$33>$E$25:$E$33))+SUMPRODUCT(($F$25:$F$33=$BF17)*($C$25:$C$33=BM$12)*($E$25:$E$33>$D$25:$D$33))+SUMPRODUCT(($I$25:$I$33=$BF17)*($L$25:$L$33=BM$12)*($J$25:$J$33>$K$25:$K$33))+SUMPRODUCT(($L$25:$L$33=$BF17)*($I$25:$I$33=BM$12)*($K$25:$K$33>$J$25:$J$33))+SUMPRODUCT(($O$25:$O$33=$BF17)*($R$25:$R$33=BM$12)*($P$25:$P$33>$Q$25:$Q$33))+SUMPRODUCT(($R$25:$R$33=$BF17)*($O$25:$O$33=BM$12)*($Q$25:$Q$33>$P$25:$P$33))+SUMPRODUCT(($C$37:$C$45=$BF17)*($F$37:$F$45=BM$12)*($D$37:$D$45>$E$37:$E$45))+SUMPRODUCT(($F$37:$F$45=$BF17)*($C$37:$C$45=BM$12)*($E$37:$E$45>$D$37:$D$45))+SUMPRODUCT(($I$37:$I$45=$BF17)*($L$37:$L$45=BM$12)*($J$37:$J$45>$K$37:$K$45))+SUMPRODUCT(($L$37:$L$45=$BF17)*($I$37:$I$45=BM$12)*($K$37:$K$45>$J$37:$J$45))+SUMPRODUCT(($O$37:$O$45=$BF17)*($R$37:$R$45=BM$12)*($P$37:$P$45>$Q$37:$Q$45))+SUMPRODUCT(($R$37:$R$45=$BF17)*($O$37:$O$45=BM$12)*($Q$37:$Q$45>$P$37:$P$45)) -> 2 | BN17: =SUMPRODUCT(($C$14:$C$22=$BF17)*($F$14:$F$22=BN$12)*($D$14:$D$22>$E$14:$E$22))+SUMPRODUCT(($F$14:$F$22=$BF17)*($C$14:$C$22=BN$12)*($E$14:$E$22>$D$14:$D$22))+SUMPRODUCT(($I$14:$I$22=$BF17)*($L$14:$L$22=BN$12)*($J$14:$J$22>$K$14:$K$22))+SUMPRODUCT(($L$14:$L$22=$BF17)*($I$14:$I$22=BN$12)*($K$14:$K$22>$J$14:$J$22))+SUMPRODUCT(($O$14:$O$22=$BF17)*($R$14:$R$22=BN$12)*($P$14:$P$22>$Q$14:$Q$22))+SUMPRODUCT(($R$14:$R$22=$BF17)*($O$14:$O$22=BN$12)*($Q$14:$Q$22>$P$14:$P$22))+SUMPRODUCT(($C$25:$C$33=$BF17)*($F$25:$F$33=BN$12)*($D$25:$D$33>$E$25:$E$33))+SUMPRODUCT(($F$25:$F$33=$BF17)*($C$25:$C$33=BN$12)*($E$25:$E$33>$D$25:$D$33))+SUMPRODUCT(($I$25:$I$33=$BF17)*($L$25:$L$33=BN$12)*($J$25:$J$33>$K$25:$K$33))+SUMPRODUCT(($L$25:$L$33=$BF17)*($I$25:$I$33=BN$12)*($K$25:$K$33>$J$25:$J$33))+SUMPRODUCT(($O$25:$O$33=$BF17)*($R$25:$R$33=BN$12)*($P$25:$P$33>$Q$25:$Q$33))+SUMPRODUCT(($R$25:$R$33=$BF17)*($O$25:$O$33=BN$12)*($Q$25:$Q$33>$P$25:$P$33))+SUMPRODUCT(($C$37:$C$45=$BF17)*($F$37:$F$45=BN$12)*($D$37:$D$45>$E$37:$E$45))+SUMPRODUCT(($F$37:$F$45=$BF17)*($C$37:$C$45=BN$12)*($E$37:$E$45>$D$37:$D$45))+SUMPRODUCT(($I$37:$I$45=$BF17)*($L$37:$L$45=BN$12)*($J$37:$J$45>$K$37:$K$45))+SUMPRODUCT(($L$37:$L$45=$BF17)*($I$37:$I$45=BN$12)*($K$37:$K$45>$J$37:$J$45))+SUMPRODUCT(($O$37:$O$45=$BF17)*($R$37:$R$45=BN$12)*($P$37:$P$45>$Q$37:$Q$45))+SUMPRODUCT(($R$37:$R$45=$BF17)*($O$37:$O$45=BN$12)*($Q$37:$Q$45>$P$37:$P$45)) -> 0 | BO17: =SUMPRODUCT(($C$14:$C$22=$BF17)*($F$14:$F$22=BO$12)*($D$14:$D$22>$E$14:$E$22))+SUMPRODUCT(($F$14:$F$22=$BF17)*($C$14:$C$22=BO$12)*($E$14:$E$22>$D$14:$D$22))+SUMPRODUCT(($I$14:$I$22=$BF17)*($L$14:$L$22=BO$12)*($J$14:$J$22>$K$14:$K$22))+SUMPRODUCT(($L$14:$L$22=$BF17)*($I$14:$I$22=BO$12)*($K$14:$K$22>$J$14:$J$22))+SUMPRODUCT(($O$14:$O$22=$BF17)*($R$14:$R$22=BO$12)*($P$14:$P$22>$Q$14:$Q$22))+SUMPRODUCT(($R$14:$R$22=$BF17)*($O$14:$O$22=BO$12)*($Q$14:$Q$22>$P$14:$P$22))+SUMPRODUCT(($C$25:$C$33=$BF17)*($F$25:$F$33=BO$12)*($D$25:$D$33>$E$25:$E$33))+SUMPRODUCT(($F$25:$F$33=$BF17)*($C$25:$C$33=BO$12)*($E$25:$E$33>$D$25:$D$33))+SUMPRODUCT(($I$25:$I$33=$BF17)*($L$25:$L$33=BO$12)*($J$25:$J$33>$K$25:$K$33))+SUMPRODUCT(($L$25:$L$33=$BF17)*($I$25:$I$33=BO$12)*($K$25:$K$33>$J$25:$J$33))+SUMPRODUCT(($O$25:$O$33=$BF17)*($R$25:$R$33=BO$12)*($P$25:$P$33>$Q$25:$Q$33))+SUMPRODUCT(($R$25:$R$33=$BF17)*($O$25:$O$33=BO$12)*($Q$25:$Q$33>$P$25:$P$33))+SUMPRODUCT(($C$37:$C$45=$BF17)*($F$37:$F$45=BO$12)*($D$37:$D$45>$E$37:$E$45))+SUMPRODUCT(($F$37:$F$45=$BF17)*($C$37:$C$45=BO$12)*($E$37:$E$45>$D$37:$D$45))+SUMPRODUCT(($I$37:$I$45=$BF17)*($L$37:$L$45=BO$12)*($J$37:$J$45>$K$37:$K$45))+SUMPRODUCT(($L$37:$L$45=$BF17)*($I$37:$I$45=BO$12)*($K$37:$K$45>$J$37:$J$45))+SUMPRODUCT(($O$37:$O$45=$BF17)*($R$37:$R$45=BO$12)*($P$37:$P$45>$Q$37:$Q$45))+SUMPRODUCT(($R$37:$R$45=$BF17)*($O$37:$O$45=BO$12)*($Q$37:$Q$45>$P$37:$P$45)) -> 0
C18: DEWA | D18: 1 | E18: 2 | F18: RRQ | I18: NAVI | J18: 2 | K18: 1 | L18: GEEK | O18: AE | P18: 2 | Q18: 0 | R18: EVOS | BF18: NAVI | BG18: =SUMPRODUCT(($C$14:$C$22=$BF18)*($F$14:$F$22=BG$12)*($D$14:$D$22>$E$14:$E$22))+SUMPRODUCT(($F$14:$F$22=$BF18)*($C$14:$C$22=BG$12)*($E$14:$E$22>$D$14:$D$22))+SUMPRODUCT(($I$14:$I$22=$BF18)*($L$14:$L$22=BG$12)*($J$14:$J$22>$K$14:$K$22))+SUMPRODUCT(($L$14:$L$22=$BF18)*($I$14:$I$22=BG$12)*($K$14:$K$22>$J$14:$J$22))+SUMPRODUCT(($O$14:$O$22=$BF18)*($R$14:$R$22=BG$12)*($P$14:$P$22>$Q$14:$Q$22))+SUMPRODUCT(($R$14:$R$22=$BF18)*($O$14:$O$22=BG$12)*($Q$14:$Q$22>$P$14:$P$22))+SUMPRODUCT(($C$25:$C$33=$BF18)*($F$25:$F$33=BG$12)*($D$25:$D$33>$E$25:$E$33))+SUMPRODUCT(($F$25:$F$33=$BF18)*($C$25:$C$33=BG$12)*($E$25:$E$33>$D$25:$D$33))+SUMPRODUCT(($I$25:$I$33=$BF18)*($L$25:$L$33=BG$12)*($J$25:$J$33>$K$25:$K$33))+SUMPRODUCT(($L$25:$L$33=$BF18)*($I$25:$I$33=BG$12)*($K$25:$K$33>$J$25:$J$33))+SUMPRODUCT(($O$25:$O$33=$BF18)*($R$25:$R$33=BG$12)*($P$25:$P$33>$Q$25:$Q$33))+SUMPRODUCT(($R$25:$R$33=$BF18)*($O$25:$O$33=BG$12)*($Q$25:$Q$33>$P$25:$P$33))+SUMPRODUCT(($C$37:$C$45=$BF18)*($F$37:$F$45=BG$12)*($D$37:$D$45>$E$37:$E$45))+SUMPRODUCT(($F$37:$F$45=$BF18)*($C$37:$C$45=BG$12)*($E$37:$E$45>$D$37:$D$45))+SUMPRODUCT(($I$37:$I$45=$BF18)*($L$37:$L$45=BG$12)*($J$37:$J$45>$K$37:$K$45))+SUMPRODUCT(($L$37:$L$45=$BF18)*($I$37:$I$45=BG$12)*($K$37:$K$45>$J$37:$J$45))+SUMPRODUCT(($O$37:$O$45=$BF18)*($R$37:$R$45=BG$12)*($P$37:$P$45>$Q$37:$Q$45))+SUMPRODUCT(($R$37:$R$45=$BF18)*($O$37:$O$45=BG$12)*($Q$37:$Q$45>$P$37:$P$45)) -> 1 | BH18: =SUMPRODUCT(($C$14:$C$22=$BF18)*($F$14:$F$22=BH$12)*($D$14:$D$22>$E$14:$E$22))+SUMPRODUCT(($F$14:$F$22=$BF18)*($C$14:$C$22=BH$12)*($E$14:$E$22>$D$14:$D$22))+SUMPRODUCT(($I$14:$I$22=$BF18)*($L$14:$L$22=BH$12)*($J$14:$J$22>$K$14:$K$22))+SUMPRODUCT(($L$14:$L$22=$BF18)*($I$14:$I$22=BH$12)*($K$14:$K$22>$J$14:$J$22))+SUMPRODUCT(($O$14:$O$22=$BF18)*($R$14:$R$22=BH$12)*($P$14:$P$22>$Q$14:$Q$22))+SUMPRODUCT(($R$14:$R$22=$BF18)*($O$14:$O$22=BH$12)*($Q$14:$Q$22>$P$14:$P$22))+SUMPRODUCT(($C$25:$C$33=$BF18)*($F$25:$F$33=BH$12)*($D$25:$D$33>$E$25:$E$33))+SUMPRODUCT(($F$25:$F$33=$BF18)*($C$25:$C$33=BH$12)*($E$25:$E$33>$D$25:$D$33))+SUMPRODUCT(($I$25:$I$33=$BF18)*($L$25:$L$33=BH$12)*($J$25:$J$33>$K$25:$K$33))+SUMPRODUCT(($L$25:$L$33=$BF18)*($I$25:$I$33=BH$12)*($K$25:$K$33>$J$25:$J$33))+SUMPRODUCT(($O$25:$O$33=$BF18)*($R$25:$R$33=BH$12)*($P$25:$P$33>$Q$25:$Q$33))+SUMPRODUCT(($R$25:$R$33=$BF18)*($O$25:$O$33=BH$12)*($Q$25:$Q$33>$P$25:$P$33))+SUMPRODUCT(($C$37:$C$45=$BF18)*($F$37:$F$45=BH$12)*($D$37:$D$45>$E$37:$E$45))+SUMPRODUCT(($F$37:$F$45=$BF18)*($C$37:$C$45=BH$12)*($E$37:$E$45>$D$37:$D$45))+SUMPRODUCT(($I$37:$I$45=$BF18)*($L$37:$L$45=BH$12)*($J$37:$J$45>$K$37:$K$45))+SUMPRODUCT(($L$37:$L$45=$BF18)*($I$37:$I$45=BH$12)*($K$37:$K$45>$J$37:$J$45))+SUMPRODUCT(($O$37:$O$45=$BF18)*($R$37:$R$45=BH$12)*($P$37:$P$45>$Q$37:$Q$45))+SUMPRODUCT(($R$37:$R$45=$BF18)*($O$37:$O$45=BH$12)*($Q$37:$Q$45>$P$37:$P$45)) -> 0 | BI18: =SUMPRODUCT(($C$14:$C$22=$BF18)*($F$14:$F$22=BI$12)*($D$14:$D$22>$E$14:$E$22))+SUMPRODUCT(($F$14:$F$22=$BF18)*($C$14:$C$22=BI$12)*($E$14:$E$22>$D$14:$D$22))+SUMPRODUCT(($I$14:$I$22=$BF18)*($L$14:$L$22=BI$12)*($J$14:$J$22>$K$14:$K$22))+SUMPRODUCT(($L$14:$L$22=$BF18)*($I$14:$I$22=BI$12)*($K$14:$K$22>$J$14:$J$22))+SUMPRODUCT(($O$14:$O$22=$BF18)*($R$14:$R$22=BI$12)*($P$14:$P$22>$Q$14:$Q$22))+SUMPRODUCT(($R$14:$R$22=$BF18)*($O$14:$O$22=BI$12)*($Q$14:$Q$22>$P$14:$P$22))+SUMPRODUCT(($C$25:$C$33=$BF18)*($F$25:$F$33=BI$12)*($D$25:$D$33>$E$25:$E$33))+SUMPRODUCT(($F$25:$F$33=$BF18)*($C$25:$C$33=BI$12)*($E$25:$E$33>$D$25:$D$33))+SUMPRODUCT(($I$25:$I$33=$BF18)*($L$25:$L$33=BI$12)*($J$25:$J$33>$K$25:$K$33))+SUMPRODUCT(($L$25:$L$33=$BF18)*($I$25:$I$33=BI$12)*($K$25:$K$33>$J$25:$J$33))+SUMPRODUCT(($O$25:$O$33=$BF18)*($R$25:$R$33=BI$12)*($P$25:$P$33>$Q$25:$Q$33))+SUMPRODUCT(($R$25:$R$33=$BF18)*($O$25:$O$33=BI$12)*($Q$25:$Q$33>$P$25:$P$33))+SUMPRODUCT(($C$37:$C$45=$BF18)*($F$37:$F$45=BI$12)*($D$37:$D$45>$E$37:$E$45))+SUMPRODUCT(($F$37:$F$45=$BF18)*($C$37:$C$45=BI$12)*($E$37:$E$45>$D$37:$D$45))+SUMPRODUCT(($I$37:$I$45=$BF18)*($L$37:$L$45=BI$12)*($J$37:$J$45>$K$37:$K$45))+SUMPRODUCT(($L$37:$L$45=$BF18)*($I$37:$I$45=BI$12)*($K$37:$K$45>$J$37:$J$45))+SUMPRODUCT(($O$37:$O$45=$BF18)*($R$37:$R$45=BI$12)*($P$37:$P$45>$Q$37:$Q$45))+SUMPRODUCT(($R$37:$R$45=$BF18)*($O$37:$O$45=BI$12)*($Q$37:$Q$45>$P$37:$P$45)) -> 2 | BJ18: =SUMPRODUCT(($C$14:$C$22=$BF18)*($F$14:$F$22=BJ$12)*($D$14:$D$22>$E$14:$E$22))+SUMPRODUCT(($F$14:$F$22=$BF18)*($C$14:$C$22=BJ$12)*($E$14:$E$22>$D$14:$D$22))+SUMPRODUCT(($I$14:$I$22=$BF18)*($L$14:$L$22=BJ$12)*($J$14:$J$22>$K$14:$K$22))+SUMPRODUCT(($L$14:$L$22=$BF18)*($I$14:$I$22=BJ$12)*($K$14:$K$22>$J$14:$J$22))+SUMPRODUCT(($O$14:$O$22=$BF18)*($R$14:$R$22=BJ$12)*($P$14:$P$22>$Q$14:$Q$22))+SUMPRODUCT(($R$14:$R$22=$BF18)*($O$14:$O$22=BJ$12)*($Q$14:$Q$22>$P$14:$P$22))+SUMPRODUCT(($C$25:$C$33=$BF18)*($F$25:$F$33=BJ$12)*($D$25:$D$33>$E$25:$E$33))+SUMPRODUCT(($F$25:$F$33=$BF18)*($C$25:$C$33=BJ$12)*($E$25:$E$33>$D$25:$D$33))+SUMPRODUCT(($I$25:$I$33=$BF18)*($L$25:$L$33=BJ$12)*($J$25:$J$33>$K$25:$K$33))+SUMPRODUCT(($L$25:$L$33=$BF18)*($I$25:$I$33=BJ$12)*($K$25:$K$33>$J$25:$J$33))+SUMPRODUCT(($O$25:$O$33=$BF18)*($R$25:$R$33=BJ$12)*($P$25:$P$33>$Q$25:$Q$33))+SUMPRODUCT(($R$25:$R$33=$BF18)*($O$25:$O$33=BJ$12)*($Q$25:$Q$33>$P$25:$P$33))+SUMPRODUCT(($C$37:$C$45=$BF18)*($F$37:$F$45=BJ$12)*($D$37:$D$45>$E$37:$E$45))+SUMPRODUCT(($F$37:$F$45=$BF18)*($C$37:$C$45=BJ$12)*($E$37:$E$45>$D$37:$D$45))+SUMPRODUCT(($I$37:$I$45=$BF18)*($L$37:$L$45=BJ$12)*($J$37:$J$45>$K$37:$K$45))+SUMPRODUCT(($L$37:$L$45=$BF18)*($I$37:$I$45=BJ$12)*($K$37:$K$45>$J$37:$J$45))+SUMPRODUCT(($O$37:$O$45=$BF18)*($R$37:$R$45=BJ$12)*($P$37:$P$45>$Q$37:$Q$45))+SUMPRODUCT(($R$37:$R$45=$BF18)*($O$37:$O$45=BJ$12)*($Q$37:$Q$45>$P$37:$P$45)) -> 2 | BK18: =SUMPRODUCT(($C$14:$C$22=$BF18)*($F$14:$F$22=BK$12)*($D$14:$D$22>$E$14:$E$22))+SUMPRODUCT(($F$14:$F$22=$BF18)*($C$14:$C$22=BK$12)*($E$14:$E$22>$D$14:$D$22))+SUMPRODUCT(($I$14:$I$22=$BF18)*($L$14:$L$22=BK$12)*($J$14:$J$22>$K$14:$K$22))+SUMPRODUCT(($L$14:$L$22=$BF18)*($I$14:$I$22=BK$12)*($K$14:$K$22>$J$14:$J$22))+SUMPRODUCT(($O$14:$O$22=$BF18)*($R$14:$R$22=BK$12)*($P$14:$P$22>$Q$14:$Q$22))+SUMPRODUCT(($R$14:$R$22=$BF18)*($O$14:$O$22=BK$12)*($Q$14:$Q$22>$P$14:$P$22))+SUMPRODUCT(($C$25:$C$33=$BF18)*($F$25:$F$33=BK$12)*($D$25:$D$33>$E$25:$E$33))+SUMPRODUCT(($F$25:$F$33=$BF18)*($C$25:$C$33=BK$12)*($E$25:$E$33>$D$25:$D$33))+SUMPRODUCT(($I$25:$I$33=$BF18)*($L$25:$L$33=BK$12)*($J$25:$J$33>$K$25:$K$33))+SUMPRODUCT(($L$25:$L$33=$BF18)*($I$25:$I$33=BK$12)*($K$25:$K$33>$J$25:$J$33))+SUMPRODUCT(($O$25:$O$33=$BF18)*($R$25:$R$33=BK$12)*($P$25:$P$33>$Q$25:$Q$33))+SUMPRODUCT(($R$25:$R$33=$BF18)*($O$25:$O$33=BK$12)*($Q$25:$Q$33>$P$25:$P$33))+SUMPRODUCT(($C$37:$C$45=$BF18)*($F$37:$F$45=BK$12)*($D$37:$D$45>$E$37:$E$45))+SUMPRODUCT(($F$37:$F$45=$BF18)*($C$37:$C$45=BK$12)*($E$37:$E$45>$D$37:$D$45))+SUMPRODUCT(($I$37:$I$45=$BF18)*($L$37:$L$45=BK$12)*($J$37:$J$45>$K$37:$K$45))+SUMPRODUCT(($L$37:$L$45=$BF18)*($I$37:$I$45=BK$12)*($K$37:$K$45>$J$37:$J$45))+SUMPRODUCT(($O$37:$O$45=$BF18)*($R$37:$R$45=BK$12)*($P$37:$P$45>$Q$37:$Q$45))+SUMPRODUCT(($R$37:$R$45=$BF18)*($O$37:$O$45=BK$12)*($Q$37:$Q$45>$P$37:$P$45)) -> 2 | BL18: =SUMPRODUCT(($C$14:$C$22=$BF18)*($F$14:$F$22=BL$12)*($D$14:$D$22>$E$14:$E$22))+SUMPRODUCT(($F$14:$F$22=$BF18)*($C$14:$C$22=BL$12)*($E$14:$E$22>$D$14:$D$22))+SUMPRODUCT(($I$14:$I$22=$BF18)*($L$14:$L$22=BL$12)*($J$14:$J$22>$K$14:$K$22))+SUMPRODUCT(($L$14:$L$22=$BF18)*($I$14:$I$22=BL$12)*($K$14:$K$22>$J$14:$J$22))+SUMPRODUCT(($O$14:$O$22=$BF18)*($R$14:$R$22=BL$12)*($P$14:$P$22>$Q$14:$Q$22))+SUMPRODUCT(($R$14:$R$22=$BF18)*($O$14:$O$22=BL$12)*($Q$14:$Q$22>$P$14:$P$22))+SUMPRODUCT(($C$25:$C$33=$BF18)*($F$25:$F$33=BL$12)*($D$25:$D$33>$E$25:$E$33))+SUMPRODUCT(($F$25:$F$33=$BF18)*($C$25:$C$33=BL$12)*($E$25:$E$33>$D$25:$D$33))+SUMPRODUCT(($I$25:$I$33=$BF18)*($L$25:$L$33=BL$12)*($J$25:$J$33>$K$25:$K$33))+SUMPRODUCT(($L$25:$L$33=$BF18)*($I$25:$I$33=BL$12)*($K$25:$K$33>$J$25:$J$33))+SUMPRODUCT(($O$25:$O$33=$BF18)*($R$25:$R$33=BL$12)*($P$25:$P$33>$Q$25:$Q$33))+SUMPRODUCT(($R$25:$R$33=$BF18)*($O$25:$O$33=BL$12)*($Q$25:$Q$33>$P$25:$P$33))+SUMPRODUCT(($C$37:$C$45=$BF18)*($F$37:$F$45=BL$12)*($D$37:$D$45>$E$37:$E$45))+SUMPRODUCT(($F$37:$F$45=$BF18)*($C$37:$C$45=BL$12)*($E$37:$E$45>$D$37:$D$45))+SUMPRODUCT(($I$37:$I$45=$BF18)*($L$37:$L$45=BL$12)*($J$37:$J$45>$K$37:$K$45))+SUMPRODUCT(($L$37:$L$45=$BF18)*($I$37:$I$45=BL$12)*($K$37:$K$45>$J$37:$J$45))+SUMPRODUCT(($O$37:$O$45=$BF18)*($R$37:$R$45=BL$12)*($P$37:$P$45>$Q$37:$Q$45))+SUMPRODUCT(($R$37:$R$45=$BF18)*($O$37:$O$45=BL$12)*($Q$37:$Q$45>$P$37:$P$45)) -> 0 | BM18: =SUMPRODUCT(($C$14:$C$22=$BF18)*($F$14:$F$22=BM$12)*($D$14:$D$22>$E$14:$E$22))+SUMPRODUCT(($F$14:$F$22=$BF18)*($C$14:$C$22=BM$12)*($E$14:$E$22>$D$14:$D$22))+SUMPRODUCT(($I$14:$I$22=$BF18)*($L$14:$L$22=BM$12)*($J$14:$J$22>$K$14:$K$22))+SUMPRODUCT(($L$14:$L$22=$BF18)*($I$14:$I$22=BM$12)*($K$14:$K$22>$J$14:$J$22))+SUMPRODUCT(($O$14:$O$22=$BF18)*($R$14:$R$22=BM$12)*($P$14:$P$22>$Q$14:$Q$22))+SUMPRODUCT(($R$14:$R$22=$BF18)*($O$14:$O$22=BM$12)*($Q$14:$Q$22>$P$14:$P$22))+SUMPRODUCT(($C$25:$C$33=$BF18)*($F$25:$F$33=BM$12)*($D$25:$D$33>$E$25:$E$33))+SUMPRODUCT(($F$25:$F$33=$BF18)*($C$25:$C$33=BM$12)*($E$25:$E$33>$D$25:$D$33))+SUMPRODUCT(($I$25:$I$33=$BF18)*($L$25:$L$33=BM$12)*($J$25:$J$33>$K$25:$K$33))+SUMPRODUCT(($L$25:$L$33=$BF18)*($I$25:$I$33=BM$12)*($K$25:$K$33>$J$25:$J$33))+SUMPRODUCT(($O$25:$O$33=$BF18)*($R$25:$R$33=BM$12)*($P$25:$P$33>$Q$25:$Q$33))+SUMPRODUCT(($R$25:$R$33=$BF18)*($O$25:$O$33=BM$12)*($Q$25:$Q$33>$P$25:$P$33))+SUMPRODUCT(($C$37:$C$45=$BF18)*($F$37:$F$45=BM$12)*($D$37:$D$45>$E$37:$E$45))+SUMPRODUCT(($F$37:$F$45=$BF18)*($C$37:$C$45=BM$12)*($E$37:$E$45>$D$37:$D$45))+SUMPRODUCT(($I$37:$I$45=$BF18)*($L$37:$L$45=BM$12)*($J$37:$J$45>$K$37:$K$45))+SUMPRODUCT(($L$37:$L$45=$BF18)*($I$37:$I$45=BM$12)*($K$37:$K$45>$J$37:$J$45))+SUMPRODUCT(($O$37:$O$45=$BF18)*($R$37:$R$45=BM$12)*($P$37:$P$45>$Q$37:$Q$45))+SUMPRODUCT(($R$37:$R$45=$BF18)*($O$37:$O$45=BM$12)*($Q$37:$Q$45>$P$37:$P$45)) -> 1 | BN18: =SUMPRODUCT(($C$14:$C$22=$BF18)*($F$14:$F$22=BN$12)*($D$14:$D$22>$E$14:$E$22))+SUMPRODUCT(($F$14:$F$22=$BF18)*($C$14:$C$22=BN$12)*($E$14:$E$22>$D$14:$D$22))+SUMPRODUCT(($I$14:$I$22=$BF18)*($L$14:$L$22=BN$12)*($J$14:$J$22>$K$14:$K$22))+SUMPRODUCT(($L$14:$L$22=$BF18)*($I$14:$I$22=BN$12)*($K$14:$K$22>$J$14:$J$22))+SUMPRODUCT(($O$14:$O$22=$BF18)*($R$14:$R$22=BN$12)*($P$14:$P$22>$Q$14:$Q$22))+SUMPRODUCT(($R$14:$R$22=$BF18)*($O$14:$O$22=BN$12)*($Q$14:$Q$22>$P$14:$P$22))+SUMPRODUCT(($C$25:$C$33=$BF18)*($F$25:$F$33=BN$12)*($D$25:$D$33>$E$25:$E$33))+SUMPRODUCT(($F$25:$F$33=$BF18)*($C$25:$C$33=BN$12)*($E$25:$E$33>$D$25:$D$33))+SUMPRODUCT(($I$25:$I$33=$BF18)*($L$25:$L$33=BN$12)*($J$25:$J$33>$K$25:$K$33))+SUMPRODUCT(($L$25:$L$33=$BF18)*($I$25:$I$33=BN$12)*($K$25:$K$33>$J$25:$J$33))+SUMPRODUCT(($O$25:$O$33=$BF18)*($R$25:$R$33=BN$12)*($P$25:$P$33>$Q$25:$Q$33))+SUMPRODUCT(($R$25:$R$33=$BF18)*($O$25:$O$33=BN$12)*($Q$25:$Q$33>$P$25:$P$33))+SUMPRODUCT(($C$37:$C$45=$BF18)*($F$37:$F$45=BN$12)*($D$37:$D$45>$E$37:$E$45))+SUMPRODUCT(($F$37:$F$45=$BF18)*($C$37:$C$45=BN$12)*($E$37:$E$45>$D$37:$D$45))+SUMPRODUCT(($I$37:$I$45=$BF18)*($L$37:$L$45=BN$12)*($J$37:$J$45>$K$37:$K$45))+SUMPRODUCT(($L$37:$L$45=$BF18)*($I$37:$I$45=BN$12)*($K$37:$K$45>$J$37:$J$45))+SUMPRODUCT(($O$37:$O$45=$BF18)*($R$37:$R$45=BN$12)*($P$37:$P$45>$Q$37:$Q$45))+SUMPRODUCT(($R$37:$R$45=$BF18)*($O$37:$O$45=BN$12)*($Q$37:$Q$45>$P$37:$P$45)) -> 1 | BO18: =SUMPRODUCT(($C$14:$C$22=$BF18)*($F$14:$F$22=BO$12)*($D$14:$D$22>$E$14:$E$22))+SUMPRODUCT(($F$14:$F$22=$BF18)*($C$14:$C$22=BO$12)*($E$14:$E$22>$D$14:$D$22))+SUMPRODUCT(($I$14:$I$22=$BF18)*($L$14:$L$22=BO$12)*($J$14:$J$22>$K$14:$K$22))+SUMPRODUCT(($L$14:$L$22=$BF18)*($I$14:$I$22=BO$12)*($K$14:$K$22>$J$14:$J$22))+SUMPRODUCT(($O$14:$O$22=$BF18)*($R$14:$R$22=BO$12)*($P$14:$P$22>$Q$14:$Q$22))+SUMPRODUCT(($R$14:$R$22=$BF18)*($O$14:$O$22=BO$12)*($Q$14:$Q$22>$P$14:$P$22))+SUMPRODUCT(($C$25:$C$33=$BF18)*($F$25:$F$33=BO$12)*($D$25:$D$33>$E$25:$E$33))+SUMPRODUCT(($F$25:$F$33=$BF18)*($C$25:$C$33=BO$12)*($E$25:$E$33>$D$25:$D$33))+SUMPRODUCT(($I$25:$I$33=$BF18)*($L$25:$L$33=BO$12)*($J$25:$J$33>$K$25:$K$33))+SUMPRODUCT(($L$25:$L$33=$BF18)*($I$25:$I$33=BO$12)*($K$25:$K$33>$J$25:$J$33))+SUMPRODUCT(($O$25:$O$33=$BF18)*($R$25:$R$33=BO$12)*($P$25:$P$33>$Q$25:$Q$33))+SUMPRODUCT(($R$25:$R$33=$BF18)*($O$25:$O$33=BO$12)*($Q$25:$Q$33>$P$25:$P$33))+SUMPRODUCT(($C$37:$C$45=$BF18)*($F$37:$F$45=BO$12)*($D$37:$D$45>$E$37:$E$45))+SUMPRODUCT(($F$37:$F$45=$BF18)*($C$37:$C$45=BO$12)*($E$37:$E$45>$D$37:$D$45))+SUMPRODUCT(($I$37:$I$45=$BF18)*($L$37:$L$45=BO$12)*($J$37:$J$45>$K$37:$K$45))+SUMPRODUCT(($L$37:$L$45=$BF18)*($I$37:$I$45=BO$12)*($K$37:$K$45>$J$37:$J$45))+SUMPRODUCT(($O$37:$O$45=$BF18)*($R$37:$R$45=BO$12)*($P$37:$P$45>$Q$37:$Q$45))+SUMPRODUCT(($R$37:$R$45=$BF18)*($O$37:$O$45=BO$12)*($Q$37:$Q$45>$P$37:$P$45)) -> 2
C19: EVOS | D19: 1 | E19: 2 | F19: NAVI | I19: ONIC | J19: 2 | K19: 0 | L19: RRQ | O19: RRQ | P19: 1 | Q19: 2 | R19: BTR by VIT | BF19: ONIC | BG19: =SUMPRODUCT(($C$14:$C$22=$BF19)*($F$14:$F$22=BG$12)*($D$14:$D$22>$E$14:$E$22))+SUMPRODUCT(($F$14:$F$22=$BF19)*($C$14:$C$22=BG$12)*($E$14:$E$22>$D$14:$D$22))+SUMPRODUCT(($I$14:$I$22=$BF19)*($L$14:$L$22=BG$12)*($J$14:$J$22>$K$14:$K$22))+SUMPRODUCT(($L$14:$L$22=$BF19)*($I$14:$I$22=BG$12)*($K$14:$K$22>$J$14:$J$22))+SUMPRODUCT(($O$14:$O$22=$BF19)*($R$14:$R$22=BG$12)*($P$14:$P$22>$Q$14:$Q$22))+SUMPRODUCT(($R$14:$R$22=$BF19)*($O$14:$O$22=BG$12)*($Q$14:$Q$22>$P$14:$P$22))+SUMPRODUCT(($C$25:$C$33=$BF19)*($F$25:$F$33=BG$12)*($D$25:$D$33>$E$25:$E$33))+SUMPRODUCT(($F$25:$F$33=$BF19)*($C$25:$C$33=BG$12)*($E$25:$E$33>$D$25:$D$33))+SUMPRODUCT(($I$25:$I$33=$BF19)*($L$25:$L$33=BG$12)*($J$25:$J$33>$K$25:$K$33))+SUMPRODUCT(($L$25:$L$33=$BF19)*($I$25:$I$33=BG$12)*($K$25:$K$33>$J$25:$J$33))+SUMPRODUCT(($O$25:$O$33=$BF19)*($R$25:$R$33=BG$12)*($P$25:$P$33>$Q$25:$Q$33))+SUMPRODUCT(($R$25:$R$33=$BF19)*($O$25:$O$33=BG$12)*($Q$25:$Q$33>$P$25:$P$33))+SUMPRODUCT(($C$37:$C$45=$BF19)*($F$37:$F$45=BG$12)*($D$37:$D$45>$E$37:$E$45))+SUMPRODUCT(($F$37:$F$45=$BF19)*($C$37:$C$45=BG$12)*($E$37:$E$45>$D$37:$D$45))+SUMPRODUCT(($I$37:$I$45=$BF19)*($L$37:$L$45=BG$12)*($J$37:$J$45>$K$37:$K$45))+SUMPRODUCT(($L$37:$L$45=$BF19)*($I$37:$I$45=BG$12)*($K$37:$K$45>$J$37:$J$45))+SUMPRODUCT(($O$37:$O$45=$BF19)*($R$37:$R$45=BG$12)*($P$37:$P$45>$Q$37:$Q$45))+SUMPRODUCT(($R$37:$R$45=$BF19)*($O$37:$O$45=BG$12)*($Q$37:$Q$45>$P$37:$P$45)) -> 1 | BH19: =SUMPRODUCT(($C$14:$C$22=$BF19)*($F$14:$F$22=BH$12)*($D$14:$D$22>$E$14:$E$22))+SUMPRODUCT(($F$14:$F$22=$BF19)*($C$14:$C$22=BH$12)*($E$14:$E$22>$D$14:$D$22))+SUMPRODUCT(($I$14:$I$22=$BF19)*($L$14:$L$22=BH$12)*($J$14:$J$22>$K$14:$K$22))+SUMPRODUCT(($L$14:$L$22=$BF19)*($I$14:$I$22=BH$12)*($K$14:$K$22>$J$14:$J$22))+SUMPRODUCT(($O$14:$O$22=$BF19)*($R$14:$R$22=BH$12)*($P$14:$P$22>$Q$14:$Q$22))+SUMPRODUCT(($R$14:$R$22=$BF19)*($O$14:$O$22=BH$12)*($Q$14:$Q$22>$P$14:$P$22))+SUMPRODUCT(($C$25:$C$33=$BF19)*($F$25:$F$33=BH$12)*($D$25:$D$33>$E$25:$E$33))+SUMPRODUCT(($F$25:$F$33=$BF19)*($C$25:$C$33=BH$12)*($E$25:$E$33>$D$25:$D$33))+SUMPRODUCT(($I$25:$I$33=$BF19)*($L$25:$L$33=BH$12)*($J$25:$J$33>$K$25:$K$33))+SUMPRODUCT(($L$25:$L$33=$BF19)*($I$25:$I$33=BH$12)*($K$25:$K$33>$J$25:$J$33))+SUMPRODUCT(($O$25:$O$33=$BF19)*($R$25:$R$33=BH$12)*($P$25:$P$33>$Q$25:$Q$33))+SUMPRODUCT(($R$25:$R$33=$BF19)*($O$25:$O$33=BH$12)*($Q$25:$Q$33>$P$25:$P$33))+SUMPRODUCT(($C$37:$C$45=$BF19)*($F$37:$F$45=BH$12)*($D$37:$D$45>$E$37:$E$45))+SUMPRODUCT(($F$37:$F$45=$BF19)*($C$37:$C$45=BH$12)*($E$37:$E$45>$D$37:$D$45))+SUMPRODUCT(($I$37:$I$45=$BF19)*($L$37:$L$45=BH$12)*($J$37:$J$45>$K$37:$K$45))+SUMPRODUCT(($L$37:$L$45=$BF19)*($I$37:$I$45=BH$12)*($K$37:$K$45>$J$37:$J$45))+SUMPRODUCT(($O$37:$O$45=$BF19)*($R$37:$R$45=BH$12)*($P$37:$P$45>$Q$37:$Q$45))+SUMPRODUCT(($R$37:$R$45=$BF19)*($O$37:$O$45=BH$12)*($Q$37:$Q$45>$P$37:$P$45)) -> 1 | BI19: =SUMPRODUCT(($C$14:$C$22=$BF19)*($F$14:$F$22=BI$12)*($D$14:$D$22>$E$14:$E$22))+SUMPRODUCT(($F$14:$F$22=$BF19)*($C$14:$C$22=BI$12)*($E$14:$E$22>$D$14:$D$22))+SUMPRODUCT(($I$14:$I$22=$BF19)*($L$14:$L$22=BI$12)*($J$14:$J$22>$K$14:$K$22))+SUMPRODUCT(($L$14:$L$22=$BF19)*($I$14:$I$22=BI$12)*($K$14:$K$22>$J$14:$J$22))+SUMPRODUCT(($O$14:$O$22=$BF19)*($R$14:$R$22=BI$12)*($P$14:$P$22>$Q$14:$Q$22))+SUMPRODUCT(($R$14:$R$22=$BF19)*($O$14:$O$22=BI$12)*($Q$14:$Q$22>$P$14:$P$22))+SUMPRODUCT(($C$25:$C$33=$BF19)*($F$25:$F$33=BI$12)*($D$25:$D$33>$E$25:$E$33))+SUMPRODUCT(($F$25:$F$33=$BF19)*($C$25:$C$33=BI$12)*($E$25:$E$33>$D$25:$D$33))+SUMPRODUCT(($I$25:$I$33=$BF19)*($L$25:$L$33=BI$12)*($J$25:$J$33>$K$25:$K$33))+SUMPRODUCT(($L$25:$L$33=$BF19)*($I$25:$I$33=BI$12)*($K$25:$K$33>$J$25:$J$33))+SUMPRODUCT(($O$25:$O$33=$BF19)*($R$25:$R$33=BI$12)*($P$25:$P$33>$Q$25:$Q$33))+SUMPRODUCT(($R$25:$R$33=$BF19)*($O$25:$O$33=BI$12)*($Q$25:$Q$33>$P$25:$P$33))+SUMPRODUCT(($C$37:$C$45=$BF19)*($F$37:$F$45=BI$12)*($D$37:$D$45>$E$37:$E$45))+SUMPRODUCT(($F$37:$F$45=$BF19)*($C$37:$C$45=BI$12)*($E$37:$E$45>$D$37:$D$45))+SUMPRODUCT(($I$37:$I$45=$BF19)*($L$37:$L$45=BI$12)*($J$37:$J$45>$K$37:$K$45))+SUMPRODUCT(($L$37:$L$45=$BF19)*($I$37:$I$45=BI$12)*($K$37:$K$45>$J$37:$J$45))+SUMPRODUCT(($O$37:$O$45=$BF19)*($R$37:$R$45=BI$12)*($P$37:$P$45>$Q$37:$Q$45))+SUMPRODUCT(($R$37:$R$45=$BF19)*($O$37:$O$45=BI$12)*($Q$37:$Q$45>$P$37:$P$45)) -> 0 | BJ19: =SUMPRODUCT(($C$14:$C$22=$BF19)*($F$14:$F$22=BJ$12)*($D$14:$D$22>$E$14:$E$22))+SUMPRODUCT(($F$14:$F$22=$BF19)*($C$14:$C$22=BJ$12)*($E$14:$E$22>$D$14:$D$22))+SUMPRODUCT(($I$14:$I$22=$BF19)*($L$14:$L$22=BJ$12)*($J$14:$J$22>$K$14:$K$22))+SUMPRODUCT(($L$14:$L$22=$BF19)*($I$14:$I$22=BJ$12)*($K$14:$K$22>$J$14:$J$22))+SUMPRODUCT(($O$14:$O$22=$BF19)*($R$14:$R$22=BJ$12)*($P$14:$P$22>$Q$14:$Q$22))+SUMPRODUCT(($R$14:$R$22=$BF19)*($O$14:$O$22=BJ$12)*($Q$14:$Q$22>$P$14:$P$22))+SUMPRODUCT(($C$25:$C$33=$BF19)*($F$25:$F$33=BJ$12)*($D$25:$D$33>$E$25:$E$33))+SUMPRODUCT(($F$25:$F$33=$BF19)*($C$25:$C$33=BJ$12)*($E$25:$E$33>$D$25:$D$33))+SUMPRODUCT(($I$25:$I$33=$BF19)*($L$25:$L$33=BJ$12)*($J$25:$J$33>$K$25:$K$33))+SUMPRODUCT(($L$25:$L$33=$BF19)*($I$25:$I$33=BJ$12)*($K$25:$K$33>$J$25:$J$33))+SUMPRODUCT(($O$25:$O$33=$BF19)*($R$25:$R$33=BJ$12)*($P$25:$P$33>$Q$25:$Q$33))+SUMPRODUCT(($R$25:$R$33=$BF19)*($O$25:$O$33=BJ$12)*($Q$25:$Q$33>$P$25:$P$33))+SUMPRODUCT(($C$37:$C$45=$BF19)*($F$37:$F$45=BJ$12)*($D$37:$D$45>$E$37:$E$45))+SUMPRODUCT(($F$37:$F$45=$BF19)*($C$37:$C$45=BJ$12)*($E$37:$E$45>$D$37:$D$45))+SUMPRODUCT(($I$37:$I$45=$BF19)*($L$37:$L$45=BJ$12)*($J$37:$J$45>$K$37:$K$45))+SUMPRODUCT(($L$37:$L$45=$BF19)*($I$37:$I$45=BJ$12)*($K$37:$K$45>$J$37:$J$45))+SUMPRODUCT(($O$37:$O$45=$BF19)*($R$37:$R$45=BJ$12)*($P$37:$P$45>$Q$37:$Q$45))+SUMPRODUCT(($R$37:$R$45=$BF19)*($O$37:$O$45=BJ$12)*($Q$37:$Q$45>$P$37:$P$45)) -> 1 | BK19: =SUMPRODUCT(($C$14:$C$22=$BF19)*($F$14:$F$22=BK$12)*($D$14:$D$22>$E$14:$E$22))+SUMPRODUCT(($F$14:$F$22=$BF19)*($C$14:$C$22=BK$12)*($E$14:$E$22>$D$14:$D$22))+SUMPRODUCT(($I$14:$I$22=$BF19)*($L$14:$L$22=BK$12)*($J$14:$J$22>$K$14:$K$22))+SUMPRODUCT(($L$14:$L$22=$BF19)*($I$14:$I$22=BK$12)*($K$14:$K$22>$J$14:$J$22))+SUMPRODUCT(($O$14:$O$22=$BF19)*($R$14:$R$22=BK$12)*($P$14:$P$22>$Q$14:$Q$22))+SUMPRODUCT(($R$14:$R$22=$BF19)*($O$14:$O$22=BK$12)*($Q$14:$Q$22>$P$14:$P$22))+SUMPRODUCT(($C$25:$C$33=$BF19)*($F$25:$F$33=BK$12)*($D$25:$D$33>$E$25:$E$33))+SUMPRODUCT(($F$25:$F$33=$BF19)*($C$25:$C$33=BK$12)*($E$25:$E$33>$D$25:$D$33))+SUMPRODUCT(($I$25:$I$33=$BF19)*($L$25:$L$33=BK$12)*($J$25:$J$33>$K$25:$K$33))+SUMPRODUCT(($L$25:$L$33=$BF19)*($I$25:$I$33=BK$12)*($K$25:$K$33>$J$25:$J$33))+SUMPRODUCT(($O$25:$O$33=$BF19)*($R$25:$R$33=BK$12)*($P$25:$P$33>$Q$25:$Q$33))+SUMPRODUCT(($R$25:$R$33=$BF19)*($O$25:$O$33=BK$12)*($Q$25:$Q$33>$P$25:$P$33))+SUMPRODUCT(($C$37:$C$45=$BF19)*($F$37:$F$45=BK$12)*($D$37:$D$45>$E$37:$E$45))+SUMPRODUCT(($F$37:$F$45=$BF19)*($C$37:$C$45=BK$12)*($E$37:$E$45>$D$37:$D$45))+SUMPRODUCT(($I$37:$I$45=$BF19)*($L$37:$L$45=BK$12)*($J$37:$J$45>$K$37:$K$45))+SUMPRODUCT(($L$37:$L$45=$BF19)*($I$37:$I$45=BK$12)*($K$37:$K$45>$J$37:$J$45))+SUMPRODUCT(($O$37:$O$45=$BF19)*($R$37:$R$45=BK$12)*($P$37:$P$45>$Q$37:$Q$45))+SUMPRODUCT(($R$37:$R$45=$BF19)*($O$37:$O$45=BK$12)*($Q$37:$Q$45>$P$37:$P$45)) -> 0 | BL19: =SUMPRODUCT(($C$14:$C$22=$BF19)*($F$14:$F$22=BL$12)*($D$14:$D$22>$E$14:$E$22))+SUMPRODUCT(($F$14:$F$22=$BF19)*($C$14:$C$22=BL$12)*($E$14:$E$22>$D$14:$D$22))+SUMPRODUCT(($I$14:$I$22=$BF19)*($L$14:$L$22=BL$12)*($J$14:$J$22>$K$14:$K$22))+SUMPRODUCT(($L$14:$L$22=$BF19)*($I$14:$I$22=BL$12)*($K$14:$K$22>$J$14:$J$22))+SUMPRODUCT(($O$14:$O$22=$BF19)*($R$14:$R$22=BL$12)*($P$14:$P$22>$Q$14:$Q$22))+SUMPRODUCT(($R$14:$R$22=$BF19)*($O$14:$O$22=BL$12)*($Q$14:$Q$22>$P$14:$P$22))+SUMPRODUCT(($C$25:$C$33=$BF19)*($F$25:$F$33=BL$12)*($D$25:$D$33>$E$25:$E$33))+SUMPRODUCT(($F$25:$F$33=$BF19)*($C$25:$C$33=BL$12)*($E$25:$E$33>$D$25:$D$33))+SUMPRODUCT(($I$25:$I$33=$BF19)*($L$25:$L$33=BL$12)*($J$25:$J$33>$K$25:$K$33))+SUMPRODUCT(($L$25:$L$33=$BF19)*($I$25:$I$33=BL$12)*($K$25:$K$33>$J$25:$J$33))+SUMPRODUCT(($O$25:$O$33=$BF19)*($R$25:$R$33=BL$12)*($P$25:$P$33>$Q$25:$Q$33))+SUMPRODUCT(($R$25:$R$33=$BF19)*($O$25:$O$33=BL$12)*($Q$25:$Q$33>$P$25:$P$33))+SUMPRODUCT(($C$37:$C$45=$BF19)*($F$37:$F$45=BL$12)*($D$37:$D$45>$E$37:$E$45))+SUMPRODUCT(($F$37:$F$45=$BF19)*($C$37:$C$45=BL$12)*($E$37:$E$45>$D$37:$D$45))+SUMPRODUCT(($I$37:$I$45=$BF19)*($L$37:$L$45=BL$12)*($J$37:$J$45>$K$37:$K$45))+SUMPRODUCT(($L$37:$L$45=$BF19)*($I$37:$I$45=BL$12)*($K$37:$K$45>$J$37:$J$45))+SUMPRODUCT(($O$37:$O$45=$BF19)*($R$37:$R$45=BL$12)*($P$37:$P$45>$Q$37:$Q$45))+SUMPRODUCT(($R$37:$R$45=$BF19)*($O$37:$O$45=BL$12)*($Q$37:$Q$45>$P$37:$P$45)) -> 1 | BM19: =SUMPRODUCT(($C$14:$C$22=$BF19)*($F$14:$F$22=BM$12)*($D$14:$D$22>$E$14:$E$22))+SUMPRODUCT(($F$14:$F$22=$BF19)*($C$14:$C$22=BM$12)*($E$14:$E$22>$D$14:$D$22))+SUMPRODUCT(($I$14:$I$22=$BF19)*($L$14:$L$22=BM$12)*($J$14:$J$22>$K$14:$K$22))+SUMPRODUCT(($L$14:$L$22=$BF19)*($I$14:$I$22=BM$12)*($K$14:$K$22>$J$14:$J$22))+SUMPRODUCT(($O$14:$O$22=$BF19)*($R$14:$R$22=BM$12)*($P$14:$P$22>$Q$14:$Q$22))+SUMPRODUCT(($R$14:$R$22=$BF19)*($O$14:$O$22=BM$12)*($Q$14:$Q$22>$P$14:$P$22))+SUMPRODUCT(($C$25:$C$33=$BF19)*($F$25:$F$33=BM$12)*($D$25:$D$33>$E$25:$E$33))+SUMPRODUCT(($F$25:$F$33=$BF19)*($C$25:$C$33=BM$12)*($E$25:$E$33>$D$25:$D$33))+SUMPRODUCT(($I$25:$I$33=$BF19)*($L$25:$L$33=BM$12)*($J$25:$J$33>$K$25:$K$33))+SUMPRODUCT(($L$25:$L$33=$BF19)*($I$25:$I$33=BM$12)*($K$25:$K$33>$J$25:$J$33))+SUMPRODUCT(($O$25:$O$33=$BF19)*($R$25:$R$33=BM$12)*($P$25:$P$33>$Q$25:$Q$33))+SUMPRODUCT(($R$25:$R$33=$BF19)*($O$25:$O$33=BM$12)*($Q$25:$Q$33>$P$25:$P$33))+SUMPRODUCT(($C$37:$C$45=$BF19)*($F$37:$F$45=BM$12)*($D$37:$D$45>$E$37:$E$45))+SUMPRODUCT(($F$37:$F$45=$BF19)*($C$37:$C$45=BM$12)*($E$37:$E$45>$D$37:$D$45))+SUMPRODUCT(($I$37:$I$45=$BF19)*($L$37:$L$45=BM$12)*($J$37:$J$45>$K$37:$K$45))+SUMPRODUCT(($L$37:$L$45=$BF19)*($I$37:$I$45=BM$12)*($K$37:$K$45>$J$37:$J$45))+SUMPRODUCT(($O$37:$O$45=$BF19)*($R$37:$R$45=BM$12)*($P$37:$P$45>$Q$37:$Q$45))+SUMPRODUCT(($R$37:$R$45=$BF19)*($O$37:$O$45=BM$12)*($Q$37:$Q$45>$P$37:$P$45)) -> 0 | BN19: =SUMPRODUCT(($C$14:$C$22=$BF19)*($F$14:$F$22=BN$12)*($D$14:$D$22>$E$14:$E$22))+SUMPRODUCT(($F$14:$F$22=$BF19)*($C$14:$C$22=BN$12)*($E$14:$E$22>$D$14:$D$22))+SUMPRODUCT(($I$14:$I$22=$BF19)*($L$14:$L$22=BN$12)*($J$14:$J$22>$K$14:$K$22))+SUMPRODUCT(($L$14:$L$22=$BF19)*($I$14:$I$22=BN$12)*($K$14:$K$22>$J$14:$J$22))+SUMPRODUCT(($O$14:$O$22=$BF19)*($R$14:$R$22=BN$12)*($P$14:$P$22>$Q$14:$Q$22))+SUMPRODUCT(($R$14:$R$22=$BF19)*($O$14:$O$22=BN$12)*($Q$14:$Q$22>$P$14:$P$22))+SUMPRODUCT(($C$25:$C$33=$BF19)*($F$25:$F$33=BN$12)*($D$25:$D$33>$E$25:$E$33))+SUMPRODUCT(($F$25:$F$33=$BF19)*($C$25:$C$33=BN$12)*($E$25:$E$33>$D$25:$D$33))+SUMPRODUCT(($I$25:$I$33=$BF19)*($L$25:$L$33=BN$12)*($J$25:$J$33>$K$25:$K$33))+SUMPRODUCT(($L$25:$L$33=$BF19)*($I$25:$I$33=BN$12)*($K$25:$K$33>$J$25:$J$33))+SUMPRODUCT(($O$25:$O$33=$BF19)*($R$25:$R$33=BN$12)*($P$25:$P$33>$Q$25:$Q$33))+SUMPRODUCT(($R$25:$R$33=$BF19)*($O$25:$O$33=BN$12)*($Q$25:$Q$33>$P$25:$P$33))+SUMPRODUCT(($C$37:$C$45=$BF19)*($F$37:$F$45=BN$12)*($D$37:$D$45>$E$37:$E$45))+SUMPRODUCT(($F$37:$F$45=$BF19)*($C$37:$C$45=BN$12)*($E$37:$E$45>$D$37:$D$45))+SUMPRODUCT(($I$37:$I$45=$BF19)*($L$37:$L$45=BN$12)*($J$37:$J$45>$K$37:$K$45))+SUMPRODUCT(($L$37:$L$45=$BF19)*($I$37:$I$45=BN$12)*($K$37:$K$45>$J$37:$J$45))+SUMPRODUCT(($O$37:$O$45=$BF19)*($R$37:$R$45=BN$12)*($P$37:$P$45>$Q$37:$Q$45))+SUMPRODUCT(($R$37:$R$45=$BF19)*($O$37:$O$45=BN$12)*($Q$37:$Q$45>$P$37:$P$45)) -> 1 | BO19: =SUMPRODUCT(($C$14:$C$22=$BF19)*($F$14:$F$22=BO$12)*($D$14:$D$22>$E$14:$E$22))+SUMPRODUCT(($F$14:$F$22=$BF19)*($C$14:$C$22=BO$12)*($E$14:$E$22>$D$14:$D$22))+SUMPRODUCT(($I$14:$I$22=$BF19)*($L$14:$L$22=BO$12)*($J$14:$J$22>$K$14:$K$22))+SUMPRODUCT(($L$14:$L$22=$BF19)*($I$14:$I$22=BO$12)*($K$14:$K$22>$J$14:$J$22))+SUMPRODUCT(($O$14:$O$22=$BF19)*($R$14:$R$22=BO$12)*($P$14:$P$22>$Q$14:$Q$22))+SUMPRODUCT(($R$14:$R$22=$BF19)*($O$14:$O$22=BO$12)*($Q$14:$Q$22>$P$14:$P$22))+SUMPRODUCT(($C$25:$C$33=$BF19)*($F$25:$F$33=BO$12)*($D$25:$D$33>$E$25:$E$33))+SUMPRODUCT(($F$25:$F$33=$BF19)*($C$25:$C$33=BO$12)*($E$25:$E$33>$D$25:$D$33))+SUMPRODUCT(($I$25:$I$33=$BF19)*($L$25:$L$33=BO$12)*($J$25:$J$33>$K$25:$K$33))+SUMPRODUCT(($L$25:$L$33=$BF19)*($I$25:$I$33=BO$12)*($K$25:$K$33>$J$25:$J$33))+SUMPRODUCT(($O$25:$O$33=$BF19)*($R$25:$R$33=BO$12)*($P$25:$P$33>$Q$25:$Q$33))+SUMPRODUCT(($R$25:$R$33=$BF19)*($O$25:$O$33=BO$12)*($Q$25:$Q$33>$P$25:$P$33))+SUMPRODUCT(($C$37:$C$45=$BF19)*($F$37:$F$45=BO$12)*($D$37:$D$45>$E$37:$E$45))+SUMPRODUCT(($F$37:$F$45=$BF19)*($C$37:$C$45=BO$12)*($E$37:$E$45>$D$37:$D$45))+SUMPRODUCT(($I$37:$I$45=$BF19)*($L$37:$L$45=BO$12)*($J$37:$J$45>$K$37:$K$45))+SUMPRODUCT(($L$37:$L$45=$BF19)*($I$37:$I$45=BO$12)*($K$37:$K$45>$J$37:$J$45))+SUMPRODUCT(($O$37:$O$45=$BF19)*($R$37:$R$45=BO$12)*($P$37:$P$45>$Q$37:$Q$45))+SUMPRODUCT(($R$37:$R$45=$BF19)*($O$37:$O$45=BO$12)*($Q$37:$Q$45>$P$37:$P$45)) -> 0
B20: Day 3 | C20: TLID | D20: 2 | E20: 0 | F20: DEWA | H20: Day 3 | I20: DEWA | J20: 0 | K20: 2 | L20: AE | N20: Day 3 | O20: NAVI | P20: 2 | Q20: 0 | R20: ONIC | BF20: RRQ | BG20: =SUMPRODUCT(($C$14:$C$22=$BF20)*($F$14:$F$22=BG$12)*($D$14:$D$22>$E$14:$E$22))+SUMPRODUCT(($F$14:$F$22=$BF20)*($C$14:$C$22=BG$12)*($E$14:$E$22>$D$14:$D$22))+SUMPRODUCT(($I$14:$I$22=$BF20)*($L$14:$L$22=BG$12)*($J$14:$J$22>$K$14:$K$22))+SUMPRODUCT(($L$14:$L$22=$BF20)*($I$14:$I$22=BG$12)*($K$14:$K$22>$J$14:$J$22))+SUMPRODUCT(($O$14:$O$22=$BF20)*($R$14:$R$22=BG$12)*($P$14:$P$22>$Q$14:$Q$22))+SUMPRODUCT(($R$14:$R$22=$BF20)*($O$14:$O$22=BG$12)*($Q$14:$Q$22>$P$14:$P$22))+SUMPRODUCT(($C$25:$C$33=$BF20)*($F$25:$F$33=BG$12)*($D$25:$D$33>$E$25:$E$33))+SUMPRODUCT(($F$25:$F$33=$BF20)*($C$25:$C$33=BG$12)*($E$25:$E$33>$D$25:$D$33))+SUMPRODUCT(($I$25:$I$33=$BF20)*($L$25:$L$33=BG$12)*($J$25:$J$33>$K$25:$K$33))+SUMPRODUCT(($L$25:$L$33=$BF20)*($I$25:$I$33=BG$12)*($K$25:$K$33>$J$25:$J$33))+SUMPRODUCT(($O$25:$O$33=$BF20)*($R$25:$R$33=BG$12)*($P$25:$P$33>$Q$25:$Q$33))+SUMPRODUCT(($R$25:$R$33=$BF20)*($O$25:$O$33=BG$12)*($Q$25:$Q$33>$P$25:$P$33))+SUMPRODUCT(($C$37:$C$45=$BF20)*($F$37:$F$45=BG$12)*($D$37:$D$45>$E$37:$E$45))+SUMPRODUCT(($F$37:$F$45=$BF20)*($C$37:$C$45=BG$12)*($E$37:$E$45>$D$37:$D$45))+SUMPRODUCT(($I$37:$I$45=$BF20)*($L$37:$L$45=BG$12)*($J$37:$J$45>$K$37:$K$45))+SUMPRODUCT(($L$37:$L$45=$BF20)*($I$37:$I$45=BG$12)*($K$37:$K$45>$J$37:$J$45))+SUMPRODUCT(($O$37:$O$45=$BF20)*($R$37:$R$45=BG$12)*($P$37:$P$45>$Q$37:$Q$45))+SUMPRODUCT(($R$37:$R$45=$BF20)*($O$37:$O$45=BG$12)*($Q$37:$Q$45>$P$37:$P$45)) -> 0 | BH20: =SUMPRODUCT(($C$14:$C$22=$BF20)*($F$14:$F$22=BH$12)*($D$14:$D$22>$E$14:$E$22))+SUMPRODUCT(($F$14:$F$22=$BF20)*($C$14:$C$22=BH$12)*($E$14:$E$22>$D$14:$D$22))+SUMPRODUCT(($I$14:$I$22=$BF20)*($L$14:$L$22=BH$12)*($J$14:$J$22>$K$14:$K$22))+SUMPRODUCT(($L$14:$L$22=$BF20)*($I$14:$I$22=BH$12)*($K$14:$K$22>$J$14:$J$22))+SUMPRODUCT(($O$14:$O$22=$BF20)*($R$14:$R$22=BH$12)*($P$14:$P$22>$Q$14:$Q$22))+SUMPRODUCT(($R$14:$R$22=$BF20)*($O$14:$O$22=BH$12)*($Q$14:$Q$22>$P$14:$P$22))+SUMPRODUCT(($C$25:$C$33=$BF20)*($F$25:$F$33=BH$12)*($D$25:$D$33>$E$25:$E$33))+SUMPRODUCT(($F$25:$F$33=$BF20)*($C$25:$C$33=BH$12)*($E$25:$E$33>$D$25:$D$33))+SUMPRODUCT(($I$25:$I$33=$BF20)*($L$25:$L$33=BH$12)*($J$25:$J$33>$K$25:$K$33))+SUMPRODUCT(($L$25:$L$33=$BF20)*($I$25:$I$33=BH$12)*($K$25:$K$33>$J$25:$J$33))+SUMPRODUCT(($O$25:$O$33=$BF20)*($R$25:$R$33=BH$12)*($P$25:$P$33>$Q$25:$Q$33))+SUMPRODUCT(($R$25:$R$33=$BF20)*($O$25:$O$33=BH$12)*($Q$25:$Q$33>$P$25:$P$33))+SUMPRODUCT(($C$37:$C$45=$BF20)*($F$37:$F$45=BH$12)*($D$37:$D$45>$E$37:$E$45))+SUMPRODUCT(($F$37:$F$45=$BF20)*($C$37:$C$45=BH$12)*($E$37:$E$45>$D$37:$D$45))+SUMPRODUCT(($I$37:$I$45=$BF20)*($L$37:$L$45=BH$12)*($J$37:$J$45>$K$37:$K$45))+SUMPRODUCT(($L$37:$L$45=$BF20)*($I$37:$I$45=BH$12)*($K$37:$K$45>$J$37:$J$45))+SUMPRODUCT(($O$37:$O$45=$BF20)*($R$37:$R$45=BH$12)*($P$37:$P$45>$Q$37:$Q$45))+SUMPRODUCT(($R$37:$R$45=$BF20)*($O$37:$O$45=BH$12)*($Q$37:$Q$45>$P$37:$P$45)) -> 0 | BI20: =SUMPRODUCT(($C$14:$C$22=$BF20)*($F$14:$F$22=BI$12)*($D$14:$D$22>$E$14:$E$22))+SUMPRODUCT(($F$14:$F$22=$BF20)*($C$14:$C$22=BI$12)*($E$14:$E$22>$D$14:$D$22))+SUMPRODUCT(($I$14:$I$22=$BF20)*($L$14:$L$22=BI$12)*($J$14:$J$22>$K$14:$K$22))+SUMPRODUCT(($L$14:$L$22=$BF20)*($I$14:$I$22=BI$12)*($K$14:$K$22>$J$14:$J$22))+SUMPRODUCT(($O$14:$O$22=$BF20)*($R$14:$R$22=BI$12)*($P$14:$P$22>$Q$14:$Q$22))+SUMPRODUCT(($R$14:$R$22=$BF20)*($O$14:$O$22=BI$12)*($Q$14:$Q$22>$P$14:$P$22))+SUMPRODUCT(($C$25:$C$33=$BF20)*($F$25:$F$33=BI$12)*($D$25:$D$33>$E$25:$E$33))+SUMPRODUCT(($F$25:$F$33=$BF20)*($C$25:$C$33=BI$12)*($E$25:$E$33>$D$25:$D$33))+SUMPRODUCT(($I$25:$I$33=$BF20)*($L$25:$L$33=BI$12)*($J$25:$J$33>$K$25:$K$33))+SUMPRODUCT(($L$25:$L$33=$BF20)*($I$25:$I$33=BI$12)*($K$25:$K$33>$J$25:$J$33))+SUMPRODUCT(($O$25:$O$33=$BF20)*($R$25:$R$33=BI$12)*($P$25:$P$33>$Q$25:$Q$33))+SUMPRODUCT(($R$25:$R$33=$BF20)*($O$25:$O$33=BI$12)*($Q$25:$Q$33>$P$25:$P$33))+SUMPRODUCT(($C$37:$C$45=$BF20)*($F$37:$F$45=BI$12)*($D$37:$D$45>$E$37:$E$45))+SUMPRODUCT(($F$37:$F$45=$BF20)*($C$37:$C$45=BI$12)*($E$37:$E$45>$D$37:$D$45))+SUMPRODUCT(($I$37:$I$45=$BF20)*($L$37:$L$45=BI$12)*($J$37:$J$45>$K$37:$K$45))+SUMPRODUCT(($L$37:$L$45=$BF20)*($I$37:$I$45=BI$12)*($K$37:$K$45>$J$37:$J$45))+SUMPRODUCT(($O$37:$O$45=$BF20)*($R$37:$R$45=BI$12)*($P$37:$P$45>$Q$37:$Q$45))+SUMPRODUCT(($R$37:$R$45=$BF20)*($O$37:$O$45=BI$12)*($Q$37:$Q$45>$P$37:$P$45)) -> 1 | BJ20: =SUMPRODUCT(($C$14:$C$22=$BF20)*($F$14:$F$22=BJ$12)*($D$14:$D$22>$E$14:$E$22))+SUMPRODUCT(($F$14:$F$22=$BF20)*($C$14:$C$22=BJ$12)*($E$14:$E$22>$D$14:$D$22))+SUMPRODUCT(($I$14:$I$22=$BF20)*($L$14:$L$22=BJ$12)*($J$14:$J$22>$K$14:$K$22))+SUMPRODUCT(($L$14:$L$22=$BF20)*($I$14:$I$22=BJ$12)*($K$14:$K$22>$J$14:$J$22))+SUMPRODUCT(($O$14:$O$22=$BF20)*($R$14:$R$22=BJ$12)*($P$14:$P$22>$Q$14:$Q$22))+SUMPRODUCT(($R$14:$R$22=$BF20)*($O$14:$O$22=BJ$12)*($Q$14:$Q$22>$P$14:$P$22))+SUMPRODUCT(($C$25:$C$33=$BF20)*($F$25:$F$33=BJ$12)*($D$25:$D$33>$E$25:$E$33))+SUMPRODUCT(($F$25:$F$33=$BF20)*($C$25:$C$33=BJ$12)*($E$25:$E$33>$D$25:$D$33))+SUMPRODUCT(($I$25:$I$33=$BF20)*($L$25:$L$33=BJ$12)*($J$25:$J$33>$K$25:$K$33))+SUMPRODUCT(($L$25:$L$33=$BF20)*($I$25:$I$33=BJ$12)*($K$25:$K$33>$J$25:$J$33))+SUMPRODUCT(($O$25:$O$33=$BF20)*($R$25:$R$33=BJ$12)*($P$25:$P$33>$Q$25:$Q$33))+SUMPRODUCT(($R$25:$R$33=$BF20)*($O$25:$O$33=BJ$12)*($Q$25:$Q$33>$P$25:$P$33))+SUMPRODUCT(($C$37:$C$45=$BF20)*($F$37:$F$45=BJ$12)*($D$37:$D$45>$E$37:$E$45))+SUMPRODUCT(($F$37:$F$45=$BF20)*($C$37:$C$45=BJ$12)*($E$37:$E$45>$D$37:$D$45))+SUMPRODUCT(($I$37:$I$45=$BF20)*($L$37:$L$45=BJ$12)*($J$37:$J$45>$K$37:$K$45))+SUMPRODUCT(($L$37:$L$45=$BF20)*($I$37:$I$45=BJ$12)*($K$37:$K$45>$J$37:$J$45))+SUMPRODUCT(($O$37:$O$45=$BF20)*($R$37:$R$45=BJ$12)*($P$37:$P$45>$Q$37:$Q$45))+SUMPRODUCT(($R$37:$R$45=$BF20)*($O$37:$O$45=BJ$12)*($Q$37:$Q$45>$P$37:$P$45)) -> 1 | BK20: =SUMPRODUCT(($C$14:$C$22=$BF20)*($F$14:$F$22=BK$12)*($D$14:$D$22>$E$14:$E$22))+SUMPRODUCT(($F$14:$F$22=$BF20)*($C$14:$C$22=BK$12)*($E$14:$E$22>$D$14:$D$22))+SUMPRODUCT(($I$14:$I$22=$BF20)*($L$14:$L$22=BK$12)*($J$14:$J$22>$K$14:$K$22))+SUMPRODUCT(($L$14:$L$22=$BF20)*($I$14:$I$22=BK$12)*($K$14:$K$22>$J$14:$J$22))+SUMPRODUCT(($O$14:$O$22=$BF20)*($R$14:$R$22=BK$12)*($P$14:$P$22>$Q$14:$Q$22))+SUMPRODUCT(($R$14:$R$22=$BF20)*($O$14:$O$22=BK$12)*($Q$14:$Q$22>$P$14:$P$22))+SUMPRODUCT(($C$25:$C$33=$BF20)*($F$25:$F$33=BK$12)*($D$25:$D$33>$E$25:$E$33))+SUMPRODUCT(($F$25:$F$33=$BF20)*($C$25:$C$33=BK$12)*($E$25:$E$33>$D$25:$D$33))+SUMPRODUCT(($I$25:$I$33=$BF20)*($L$25:$L$33=BK$12)*($J$25:$J$33>$K$25:$K$33))+SUMPRODUCT(($L$25:$L$33=$BF20)*($I$25:$I$33=BK$12)*($K$25:$K$33>$J$25:$J$33))+SUMPRODUCT(($O$25:$O$33=$BF20)*($R$25:$R$33=BK$12)*($P$25:$P$33>$Q$25:$Q$33))+SUMPRODUCT(($R$25:$R$33=$BF20)*($O$25:$O$33=BK$12)*($Q$25:$Q$33>$P$25:$P$33))+SUMPRODUCT(($C$37:$C$45=$BF20)*($F$37:$F$45=BK$12)*($D$37:$D$45>$E$37:$E$45))+SUMPRODUCT(($F$37:$F$45=$BF20)*($C$37:$C$45=BK$12)*($E$37:$E$45>$D$37:$D$45))+SUMPRODUCT(($I$37:$I$45=$BF20)*($L$37:$L$45=BK$12)*($J$37:$J$45>$K$37:$K$45))+SUMPRODUCT(($L$37:$L$45=$BF20)*($I$37:$I$45=BK$12)*($K$37:$K$45>$J$37:$J$45))+SUMPRODUCT(($O$37:$O$45=$BF20)*($R$37:$R$45=BK$12)*($P$37:$P$45>$Q$37:$Q$45))+SUMPRODUCT(($R$37:$R$45=$BF20)*($O$37:$O$45=BK$12)*($Q$37:$Q$45>$P$37:$P$45)) -> 1 | BL20: =SUMPRODUCT(($C$14:$C$22=$BF20)*($F$14:$F$22=BL$12)*($D$14:$D$22>$E$14:$E$22))+SUMPRODUCT(($F$14:$F$22=$BF20)*($C$14:$C$22=BL$12)*($E$14:$E$22>$D$14:$D$22))+SUMPRODUCT(($I$14:$I$22=$BF20)*($L$14:$L$22=BL$12)*($J$14:$J$22>$K$14:$K$22))+SUMPRODUCT(($L$14:$L$22=$BF20)*($I$14:$I$22=BL$12)*($K$14:$K$22>$J$14:$J$22))+SUMPRODUCT(($O$14:$O$22=$BF20)*($R$14:$R$22=BL$12)*($P$14:$P$22>$Q$14:$Q$22))+SUMPRODUCT(($R$14:$R$22=$BF20)*($O$14:$O$22=BL$12)*($Q$14:$Q$22>$P$14:$P$22))+SUMPRODUCT(($C$25:$C$33=$BF20)*($F$25:$F$33=BL$12)*($D$25:$D$33>$E$25:$E$33))+SUMPRODUCT(($F$25:$F$33=$BF20)*($C$25:$C$33=BL$12)*($E$25:$E$33>$D$25:$D$33))+SUMPRODUCT(($I$25:$I$33=$BF20)*($L$25:$L$33=BL$12)*($J$25:$J$33>$K$25:$K$33))+SUMPRODUCT(($L$25:$L$33=$BF20)*($I$25:$I$33=BL$12)*($K$25:$K$33>$J$25:$J$33))+SUMPRODUCT(($O$25:$O$33=$BF20)*($R$25:$R$33=BL$12)*($P$25:$P$33>$Q$25:$Q$33))+SUMPRODUCT(($R$25:$R$33=$BF20)*($O$25:$O$33=BL$12)*($Q$25:$Q$33>$P$25:$P$33))+SUMPRODUCT(($C$37:$C$45=$BF20)*($F$37:$F$45=BL$12)*($D$37:$D$45>$E$37:$E$45))+SUMPRODUCT(($F$37:$F$45=$BF20)*($C$37:$C$45=BL$12)*($E$37:$E$45>$D$37:$D$45))+SUMPRODUCT(($I$37:$I$45=$BF20)*($L$37:$L$45=BL$12)*($J$37:$J$45>$K$37:$K$45))+SUMPRODUCT(($L$37:$L$45=$BF20)*($I$37:$I$45=BL$12)*($K$37:$K$45>$J$37:$J$45))+SUMPRODUCT(($O$37:$O$45=$BF20)*($R$37:$R$45=BL$12)*($P$37:$P$45>$Q$37:$Q$45))+SUMPRODUCT(($R$37:$R$45=$BF20)*($O$37:$O$45=BL$12)*($Q$37:$Q$45>$P$37:$P$45)) -> 0 | BM20: =SUMPRODUCT(($C$14:$C$22=$BF20)*($F$14:$F$22=BM$12)*($D$14:$D$22>$E$14:$E$22))+SUMPRODUCT(($F$14:$F$22=$BF20)*($C$14:$C$22=BM$12)*($E$14:$E$22>$D$14:$D$22))+SUMPRODUCT(($I$14:$I$22=$BF20)*($L$14:$L$22=BM$12)*($J$14:$J$22>$K$14:$K$22))+SUMPRODUCT(($L$14:$L$22=$BF20)*($I$14:$I$22=BM$12)*($K$14:$K$22>$J$14:$J$22))+SUMPRODUCT(($O$14:$O$22=$BF20)*($R$14:$R$22=BM$12)*($P$14:$P$22>$Q$14:$Q$22))+SUMPRODUCT(($R$14:$R$22=$BF20)*($O$14:$O$22=BM$12)*($Q$14:$Q$22>$P$14:$P$22))+SUMPRODUCT(($C$25:$C$33=$BF20)*($F$25:$F$33=BM$12)*($D$25:$D$33>$E$25:$E$33))+SUMPRODUCT(($F$25:$F$33=$BF20)*($C$25:$C$33=BM$12)*($E$25:$E$33>$D$25:$D$33))+SUMPRODUCT(($I$25:$I$33=$BF20)*($L$25:$L$33=BM$12)*($J$25:$J$33>$K$25:$K$33))+SUMPRODUCT(($L$25:$L$33=$BF20)*($I$25:$I$33=BM$12)*($K$25:$K$33>$J$25:$J$33))+SUMPRODUCT(($O$25:$O$33=$BF20)*($R$25:$R$33=BM$12)*($P$25:$P$33>$Q$25:$Q$33))+SUMPRODUCT(($R$25:$R$33=$BF20)*($O$25:$O$33=BM$12)*($Q$25:$Q$33>$P$25:$P$33))+SUMPRODUCT(($C$37:$C$45=$BF20)*($F$37:$F$45=BM$12)*($D$37:$D$45>$E$37:$E$45))+SUMPRODUCT(($F$37:$F$45=$BF20)*($C$37:$C$45=BM$12)*($E$37:$E$45>$D$37:$D$45))+SUMPRODUCT(($I$37:$I$45=$BF20)*($L$37:$L$45=BM$12)*($J$37:$J$45>$K$37:$K$45))+SUMPRODUCT(($L$37:$L$45=$BF20)*($I$37:$I$45=BM$12)*($K$37:$K$45>$J$37:$J$45))+SUMPRODUCT(($O$37:$O$45=$BF20)*($R$37:$R$45=BM$12)*($P$37:$P$45>$Q$37:$Q$45))+SUMPRODUCT(($R$37:$R$45=$BF20)*($O$37:$O$45=BM$12)*($Q$37:$Q$45>$P$37:$P$45)) -> 0 | BN20: =SUMPRODUCT(($C$14:$C$22=$BF20)*($F$14:$F$22=BN$12)*($D$14:$D$22>$E$14:$E$22))+SUMPRODUCT(($F$14:$F$22=$BF20)*($C$14:$C$22=BN$12)*($E$14:$E$22>$D$14:$D$22))+SUMPRODUCT(($I$14:$I$22=$BF20)*($L$14:$L$22=BN$12)*($J$14:$J$22>$K$14:$K$22))+SUMPRODUCT(($L$14:$L$22=$BF20)*($I$14:$I$22=BN$12)*($K$14:$K$22>$J$14:$J$22))+SUMPRODUCT(($O$14:$O$22=$BF20)*($R$14:$R$22=BN$12)*($P$14:$P$22>$Q$14:$Q$22))+SUMPRODUCT(($R$14:$R$22=$BF20)*($O$14:$O$22=BN$12)*($Q$14:$Q$22>$P$14:$P$22))+SUMPRODUCT(($C$25:$C$33=$BF20)*($F$25:$F$33=BN$12)*($D$25:$D$33>$E$25:$E$33))+SUMPRODUCT(($F$25:$F$33=$BF20)*($C$25:$C$33=BN$12)*($E$25:$E$33>$D$25:$D$33))+SUMPRODUCT(($I$25:$I$33=$BF20)*($L$25:$L$33=BN$12)*($J$25:$J$33>$K$25:$K$33))+SUMPRODUCT(($L$25:$L$33=$BF20)*($I$25:$I$33=BN$12)*($K$25:$K$33>$J$25:$J$33))+SUMPRODUCT(($O$25:$O$33=$BF20)*($R$25:$R$33=BN$12)*($P$25:$P$33>$Q$25:$Q$33))+SUMPRODUCT(($R$25:$R$33=$BF20)*($O$25:$O$33=BN$12)*($Q$25:$Q$33>$P$25:$P$33))+SUMPRODUCT(($C$37:$C$45=$BF20)*($F$37:$F$45=BN$12)*($D$37:$D$45>$E$37:$E$45))+SUMPRODUCT(($F$37:$F$45=$BF20)*($C$37:$C$45=BN$12)*($E$37:$E$45>$D$37:$D$45))+SUMPRODUCT(($I$37:$I$45=$BF20)*($L$37:$L$45=BN$12)*($J$37:$J$45>$K$37:$K$45))+SUMPRODUCT(($L$37:$L$45=$BF20)*($I$37:$I$45=BN$12)*($K$37:$K$45>$J$37:$J$45))+SUMPRODUCT(($O$37:$O$45=$BF20)*($R$37:$R$45=BN$12)*($P$37:$P$45>$Q$37:$Q$45))+SUMPRODUCT(($R$37:$R$45=$BF20)*($O$37:$O$45=BN$12)*($Q$37:$Q$45>$P$37:$P$45)) -> 0 | BO20: =SUMPRODUCT(($C$14:$C$22=$BF20)*($F$14:$F$22=BO$12)*($D$14:$D$22>$E$14:$E$22))+SUMPRODUCT(($F$14:$F$22=$BF20)*($C$14:$C$22=BO$12)*($E$14:$E$22>$D$14:$D$22))+SUMPRODUCT(($I$14:$I$22=$BF20)*($L$14:$L$22=BO$12)*($J$14:$J$22>$K$14:$K$22))+SUMPRODUCT(($L$14:$L$22=$BF20)*($I$14:$I$22=BO$12)*($K$14:$K$22>$J$14:$J$22))+SUMPRODUCT(($O$14:$O$22=$BF20)*($R$14:$R$22=BO$12)*($P$14:$P$22>$Q$14:$Q$22))+SUMPRODUCT(($R$14:$R$22=$BF20)*($O$14:$O$22=BO$12)*($Q$14:$Q$22>$P$14:$P$22))+SUMPRODUCT(($C$25:$C$33=$BF20)*($F$25:$F$33=BO$12)*($D$25:$D$33>$E$25:$E$33))+SUMPRODUCT(($F$25:$F$33=$BF20)*($C$25:$C$33=BO$12)*($E$25:$E$33>$D$25:$D$33))+SUMPRODUCT(($I$25:$I$33=$BF20)*($L$25:$L$33=BO$12)*($J$25:$J$33>$K$25:$K$33))+SUMPRODUCT(($L$25:$L$33=$BF20)*($I$25:$I$33=BO$12)*($K$25:$K$33>$J$25:$J$33))+SUMPRODUCT(($O$25:$O$33=$BF20)*($R$25:$R$33=BO$12)*($P$25:$P$33>$Q$25:$Q$33))+SUMPRODUCT(($R$25:$R$33=$BF20)*($O$25:$O$33=BO$12)*($Q$25:$Q$33>$P$25:$P$33))+SUMPRODUCT(($C$37:$C$45=$BF20)*($F$37:$F$45=BO$12)*($D$37:$D$45>$E$37:$E$45))+SUMPRODUCT(($F$37:$F$45=$BF20)*($C$37:$C$45=BO$12)*($E$37:$E$45>$D$37:$D$45))+SUMPRODUCT(($I$37:$I$45=$BF20)*($L$37:$L$45=BO$12)*($J$37:$J$45>$K$37:$K$45))+SUMPRODUCT(($L$37:$L$45=$BF20)*($I$37:$I$45=BO$12)*($K$37:$K$45>$J$37:$J$45))+SUMPRODUCT(($O$37:$O$45=$BF20)*($R$37:$R$45=BO$12)*($P$37:$P$45>$Q$37:$Q$45))+SUMPRODUCT(($R$37:$R$45=$BF20)*($O$37:$O$45=BO$12)*($Q$37:$Q$45>$P$37:$P$45)) -> 0
C21: BTR by VIT | D21: 2 | E21: 1 | F21: GEEK | I21: ONIC | J21: 1 | K21: 2 | L21: BTR by VIT | O21: GEEK | P21: 0 | Q21: 2 | R21: RRQ | BF21: TLID | BG21: =SUMPRODUCT(($C$14:$C$22=$BF21)*($F$14:$F$22=BG$12)*($D$14:$D$22>$E$14:$E$22))+SUMPRODUCT(($F$14:$F$22=$BF21)*($C$14:$C$22=BG$12)*($E$14:$E$22>$D$14:$D$22))+SUMPRODUCT(($I$14:$I$22=$BF21)*($L$14:$L$22=BG$12)*($J$14:$J$22>$K$14:$K$22))+SUMPRODUCT(($L$14:$L$22=$BF21)*($I$14:$I$22=BG$12)*($K$14:$K$22>$J$14:$J$22))+SUMPRODUCT(($O$14:$O$22=$BF21)*($R$14:$R$22=BG$12)*($P$14:$P$22>$Q$14:$Q$22))+SUMPRODUCT(($R$14:$R$22=$BF21)*($O$14:$O$22=BG$12)*($Q$14:$Q$22>$P$14:$P$22))+SUMPRODUCT(($C$25:$C$33=$BF21)*($F$25:$F$33=BG$12)*($D$25:$D$33>$E$25:$E$33))+SUMPRODUCT(($F$25:$F$33=$BF21)*($C$25:$C$33=BG$12)*($E$25:$E$33>$D$25:$D$33))+SUMPRODUCT(($I$25:$I$33=$BF21)*($L$25:$L$33=BG$12)*($J$25:$J$33>$K$25:$K$33))+SUMPRODUCT(($L$25:$L$33=$BF21)*($I$25:$I$33=BG$12)*($K$25:$K$33>$J$25:$J$33))+SUMPRODUCT(($O$25:$O$33=$BF21)*($R$25:$R$33=BG$12)*($P$25:$P$33>$Q$25:$Q$33))+SUMPRODUCT(($R$25:$R$33=$BF21)*($O$25:$O$33=BG$12)*($Q$25:$Q$33>$P$25:$P$33))+SUMPRODUCT(($C$37:$C$45=$BF21)*($F$37:$F$45=BG$12)*($D$37:$D$45>$E$37:$E$45))+SUMPRODUCT(($F$37:$F$45=$BF21)*($C$37:$C$45=BG$12)*($E$37:$E$45>$D$37:$D$45))+SUMPRODUCT(($I$37:$I$45=$BF21)*($L$37:$L$45=BG$12)*($J$37:$J$45>$K$37:$K$45))+SUMPRODUCT(($L$37:$L$45=$BF21)*($I$37:$I$45=BG$12)*($K$37:$K$45>$J$37:$J$45))+SUMPRODUCT(($O$37:$O$45=$BF21)*($R$37:$R$45=BG$12)*($P$37:$P$45>$Q$37:$Q$45))+SUMPRODUCT(($R$37:$R$45=$BF21)*($O$37:$O$45=BG$12)*($Q$37:$Q$45>$P$37:$P$45)) -> 2 | BH21: =SUMPRODUCT(($C$14:$C$22=$BF21)*($F$14:$F$22=BH$12)*($D$14:$D$22>$E$14:$E$22))+SUMPRODUCT(($F$14:$F$22=$BF21)*($C$14:$C$22=BH$12)*($E$14:$E$22>$D$14:$D$22))+SUMPRODUCT(($I$14:$I$22=$BF21)*($L$14:$L$22=BH$12)*($J$14:$J$22>$K$14:$K$22))+SUMPRODUCT(($L$14:$L$22=$BF21)*($I$14:$I$22=BH$12)*($K$14:$K$22>$J$14:$J$22))+SUMPRODUCT(($O$14:$O$22=$BF21)*($R$14:$R$22=BH$12)*($P$14:$P$22>$Q$14:$Q$22))+SUMPRODUCT(($R$14:$R$22=$BF21)*($O$14:$O$22=BH$12)*($Q$14:$Q$22>$P$14:$P$22))+SUMPRODUCT(($C$25:$C$33=$BF21)*($F$25:$F$33=BH$12)*($D$25:$D$33>$E$25:$E$33))+SUMPRODUCT(($F$25:$F$33=$BF21)*($C$25:$C$33=BH$12)*($E$25:$E$33>$D$25:$D$33))+SUMPRODUCT(($I$25:$I$33=$BF21)*($L$25:$L$33=BH$12)*($J$25:$J$33>$K$25:$K$33))+SUMPRODUCT(($L$25:$L$33=$BF21)*($I$25:$I$33=BH$12)*($K$25:$K$33>$J$25:$J$33))+SUMPRODUCT(($O$25:$O$33=$BF21)*($R$25:$R$33=BH$12)*($P$25:$P$33>$Q$25:$Q$33))+SUMPRODUCT(($R$25:$R$33=$BF21)*($O$25:$O$33=BH$12)*($Q$25:$Q$33>$P$25:$P$33))+SUMPRODUCT(($C$37:$C$45=$BF21)*($F$37:$F$45=BH$12)*($D$37:$D$45>$E$37:$E$45))+SUMPRODUCT(($F$37:$F$45=$BF21)*($C$37:$C$45=BH$12)*($E$37:$E$45>$D$37:$D$45))+SUMPRODUCT(($I$37:$I$45=$BF21)*($L$37:$L$45=BH$12)*($J$37:$J$45>$K$37:$K$45))+SUMPRODUCT(($L$37:$L$45=$BF21)*($I$37:$I$45=BH$12)*($K$37:$K$45>$J$37:$J$45))+SUMPRODUCT(($O$37:$O$45=$BF21)*($R$37:$R$45=BH$12)*($P$37:$P$45>$Q$37:$Q$45))+SUMPRODUCT(($R$37:$R$45=$BF21)*($O$37:$O$45=BH$12)*($Q$37:$Q$45>$P$37:$P$45)) -> 2 | BI21: =SUMPRODUCT(($C$14:$C$22=$BF21)*($F$14:$F$22=BI$12)*($D$14:$D$22>$E$14:$E$22))+SUMPRODUCT(($F$14:$F$22=$BF21)*($C$14:$C$22=BI$12)*($E$14:$E$22>$D$14:$D$22))+SUMPRODUCT(($I$14:$I$22=$BF21)*($L$14:$L$22=BI$12)*($J$14:$J$22>$K$14:$K$22))+SUMPRODUCT(($L$14:$L$22=$BF21)*($I$14:$I$22=BI$12)*($K$14:$K$22>$J$14:$J$22))+SUMPRODUCT(($O$14:$O$22=$BF21)*($R$14:$R$22=BI$12)*($P$14:$P$22>$Q$14:$Q$22))+SUMPRODUCT(($R$14:$R$22=$BF21)*($O$14:$O$22=BI$12)*($Q$14:$Q$22>$P$14:$P$22))+SUMPRODUCT(($C$25:$C$33=$BF21)*($F$25:$F$33=BI$12)*($D$25:$D$33>$E$25:$E$33))+SUMPRODUCT(($F$25:$F$33=$BF21)*($C$25:$C$33=BI$12)*($E$25:$E$33>$D$25:$D$33))+SUMPRODUCT(($I$25:$I$33=$BF21)*($L$25:$L$33=BI$12)*($J$25:$J$33>$K$25:$K$33))+SUMPRODUCT(($L$25:$L$33=$BF21)*($I$25:$I$33=BI$12)*($K$25:$K$33>$J$25:$J$33))+SUMPRODUCT(($O$25:$O$33=$BF21)*($R$25:$R$33=BI$12)*($P$25:$P$33>$Q$25:$Q$33))+SUMPRODUCT(($R$25:$R$33=$BF21)*($O$25:$O$33=BI$12)*($Q$25:$Q$33>$P$25:$P$33))+SUMPRODUCT(($C$37:$C$45=$BF21)*($F$37:$F$45=BI$12)*($D$37:$D$45>$E$37:$E$45))+SUMPRODUCT(($F$37:$F$45=$BF21)*($C$37:$C$45=BI$12)*($E$37:$E$45>$D$37:$D$45))+SUMPRODUCT(($I$37:$I$45=$BF21)*($L$37:$L$45=BI$12)*($J$37:$J$45>$K$37:$K$45))+SUMPRODUCT(($L$37:$L$45=$BF21)*($I$37:$I$45=BI$12)*($K$37:$K$45>$J$37:$J$45))+SUMPRODUCT(($O$37:$O$45=$BF21)*($R$37:$R$45=BI$12)*($P$37:$P$45>$Q$37:$Q$45))+SUMPRODUCT(($R$37:$R$45=$BF21)*($O$37:$O$45=BI$12)*($Q$37:$Q$45>$P$37:$P$45)) -> 1 | BJ21: =SUMPRODUCT(($C$14:$C$22=$BF21)*($F$14:$F$22=BJ$12)*($D$14:$D$22>$E$14:$E$22))+SUMPRODUCT(($F$14:$F$22=$BF21)*($C$14:$C$22=BJ$12)*($E$14:$E$22>$D$14:$D$22))+SUMPRODUCT(($I$14:$I$22=$BF21)*($L$14:$L$22=BJ$12)*($J$14:$J$22>$K$14:$K$22))+SUMPRODUCT(($L$14:$L$22=$BF21)*($I$14:$I$22=BJ$12)*($K$14:$K$22>$J$14:$J$22))+SUMPRODUCT(($O$14:$O$22=$BF21)*($R$14:$R$22=BJ$12)*($P$14:$P$22>$Q$14:$Q$22))+SUMPRODUCT(($R$14:$R$22=$BF21)*($O$14:$O$22=BJ$12)*($Q$14:$Q$22>$P$14:$P$22))+SUMPRODUCT(($C$25:$C$33=$BF21)*($F$25:$F$33=BJ$12)*($D$25:$D$33>$E$25:$E$33))+SUMPRODUCT(($F$25:$F$33=$BF21)*($C$25:$C$33=BJ$12)*($E$25:$E$33>$D$25:$D$33))+SUMPRODUCT(($I$25:$I$33=$BF21)*($L$25:$L$33=BJ$12)*($J$25:$J$33>$K$25:$K$33))+SUMPRODUCT(($L$25:$L$33=$BF21)*($I$25:$I$33=BJ$12)*($K$25:$K$33>$J$25:$J$33))+SUMPRODUCT(($O$25:$O$33=$BF21)*($R$25:$R$33=BJ$12)*($P$25:$P$33>$Q$25:$Q$33))+SUMPRODUCT(($R$25:$R$33=$BF21)*($O$25:$O$33=BJ$12)*($Q$25:$Q$33>$P$25:$P$33))+SUMPRODUCT(($C$37:$C$45=$BF21)*($F$37:$F$45=BJ$12)*($D$37:$D$45>$E$37:$E$45))+SUMPRODUCT(($F$37:$F$45=$BF21)*($C$37:$C$45=BJ$12)*($E$37:$E$45>$D$37:$D$45))+SUMPRODUCT(($I$37:$I$45=$BF21)*($L$37:$L$45=BJ$12)*($J$37:$J$45>$K$37:$K$45))+SUMPRODUCT(($L$37:$L$45=$BF21)*($I$37:$I$45=BJ$12)*($K$37:$K$45>$J$37:$J$45))+SUMPRODUCT(($O$37:$O$45=$BF21)*($R$37:$R$45=BJ$12)*($P$37:$P$45>$Q$37:$Q$45))+SUMPRODUCT(($R$37:$R$45=$BF21)*($O$37:$O$45=BJ$12)*($Q$37:$Q$45>$P$37:$P$45)) -> 1 | BK21: =SUMPRODUCT(($C$14:$C$22=$BF21)*($F$14:$F$22=BK$12)*($D$14:$D$22>$E$14:$E$22))+SUMPRODUCT(($F$14:$F$22=$BF21)*($C$14:$C$22=BK$12)*($E$14:$E$22>$D$14:$D$22))+SUMPRODUCT(($I$14:$I$22=$BF21)*($L$14:$L$22=BK$12)*($J$14:$J$22>$K$14:$K$22))+SUMPRODUCT(($L$14:$L$22=$BF21)*($I$14:$I$22=BK$12)*($K$14:$K$22>$J$14:$J$22))+SUMPRODUCT(($O$14:$O$22=$BF21)*($R$14:$R$22=BK$12)*($P$14:$P$22>$Q$14:$Q$22))+SUMPRODUCT(($R$14:$R$22=$BF21)*($O$14:$O$22=BK$12)*($Q$14:$Q$22>$P$14:$P$22))+SUMPRODUCT(($C$25:$C$33=$BF21)*($F$25:$F$33=BK$12)*($D$25:$D$33>$E$25:$E$33))+SUMPRODUCT(($F$25:$F$33=$BF21)*($C$25:$C$33=BK$12)*($E$25:$E$33>$D$25:$D$33))+SUMPRODUCT(($I$25:$I$33=$BF21)*($L$25:$L$33=BK$12)*($J$25:$J$33>$K$25:$K$33))+SUMPRODUCT(($L$25:$L$33=$BF21)*($I$25:$I$33=BK$12)*($K$25:$K$33>$J$25:$J$33))+SUMPRODUCT(($O$25:$O$33=$BF21)*($R$25:$R$33=BK$12)*($P$25:$P$33>$Q$25:$Q$33))+SUMPRODUCT(($R$25:$R$33=$BF21)*($O$25:$O$33=BK$12)*($Q$25:$Q$33>$P$25:$P$33))+SUMPRODUCT(($C$37:$C$45=$BF21)*($F$37:$F$45=BK$12)*($D$37:$D$45>$E$37:$E$45))+SUMPRODUCT(($F$37:$F$45=$BF21)*($C$37:$C$45=BK$12)*($E$37:$E$45>$D$37:$D$45))+SUMPRODUCT(($I$37:$I$45=$BF21)*($L$37:$L$45=BK$12)*($J$37:$J$45>$K$37:$K$45))+SUMPRODUCT(($L$37:$L$45=$BF21)*($I$37:$I$45=BK$12)*($K$37:$K$45>$J$37:$J$45))+SUMPRODUCT(($O$37:$O$45=$BF21)*($R$37:$R$45=BK$12)*($P$37:$P$45>$Q$37:$Q$45))+SUMPRODUCT(($R$37:$R$45=$BF21)*($O$37:$O$45=BK$12)*($Q$37:$Q$45>$P$37:$P$45)) -> 2 | BL21: =SUMPRODUCT(($C$14:$C$22=$BF21)*($F$14:$F$22=BL$12)*($D$14:$D$22>$E$14:$E$22))+SUMPRODUCT(($F$14:$F$22=$BF21)*($C$14:$C$22=BL$12)*($E$14:$E$22>$D$14:$D$22))+SUMPRODUCT(($I$14:$I$22=$BF21)*($L$14:$L$22=BL$12)*($J$14:$J$22>$K$14:$K$22))+SUMPRODUCT(($L$14:$L$22=$BF21)*($I$14:$I$22=BL$12)*($K$14:$K$22>$J$14:$J$22))+SUMPRODUCT(($O$14:$O$22=$BF21)*($R$14:$R$22=BL$12)*($P$14:$P$22>$Q$14:$Q$22))+SUMPRODUCT(($R$14:$R$22=$BF21)*($O$14:$O$22=BL$12)*($Q$14:$Q$22>$P$14:$P$22))+SUMPRODUCT(($C$25:$C$33=$BF21)*($F$25:$F$33=BL$12)*($D$25:$D$33>$E$25:$E$33))+SUMPRODUCT(($F$25:$F$33=$BF21)*($C$25:$C$33=BL$12)*($E$25:$E$33>$D$25:$D$33))+SUMPRODUCT(($I$25:$I$33=$BF21)*($L$25:$L$33=BL$12)*($J$25:$J$33>$K$25:$K$33))+SUMPRODUCT(($L$25:$L$33=$BF21)*($I$25:$I$33=BL$12)*($K$25:$K$33>$J$25:$J$33))+SUMPRODUCT(($O$25:$O$33=$BF21)*($R$25:$R$33=BL$12)*($P$25:$P$33>$Q$25:$Q$33))+SUMPRODUCT(($R$25:$R$33=$BF21)*($O$25:$O$33=BL$12)*($Q$25:$Q$33>$P$25:$P$33))+SUMPRODUCT(($C$37:$C$45=$BF21)*($F$37:$F$45=BL$12)*($D$37:$D$45>$E$37:$E$45))+SUMPRODUCT(($F$37:$F$45=$BF21)*($C$37:$C$45=BL$12)*($E$37:$E$45>$D$37:$D$45))+SUMPRODUCT(($I$37:$I$45=$BF21)*($L$37:$L$45=BL$12)*($J$37:$J$45>$K$37:$K$45))+SUMPRODUCT(($L$37:$L$45=$BF21)*($I$37:$I$45=BL$12)*($K$37:$K$45>$J$37:$J$45))+SUMPRODUCT(($O$37:$O$45=$BF21)*($R$37:$R$45=BL$12)*($P$37:$P$45>$Q$37:$Q$45))+SUMPRODUCT(($R$37:$R$45=$BF21)*($O$37:$O$45=BL$12)*($Q$37:$Q$45>$P$37:$P$45)) -> 0 | BM21: =SUMPRODUCT(($C$14:$C$22=$BF21)*($F$14:$F$22=BM$12)*($D$14:$D$22>$E$14:$E$22))+SUMPRODUCT(($F$14:$F$22=$BF21)*($C$14:$C$22=BM$12)*($E$14:$E$22>$D$14:$D$22))+SUMPRODUCT(($I$14:$I$22=$BF21)*($L$14:$L$22=BM$12)*($J$14:$J$22>$K$14:$K$22))+SUMPRODUCT(($L$14:$L$22=$BF21)*($I$14:$I$22=BM$12)*($K$14:$K$22>$J$14:$J$22))+SUMPRODUCT(($O$14:$O$22=$BF21)*($R$14:$R$22=BM$12)*($P$14:$P$22>$Q$14:$Q$22))+SUMPRODUCT(($R$14:$R$22=$BF21)*($O$14:$O$22=BM$12)*($Q$14:$Q$22>$P$14:$P$22))+SUMPRODUCT(($C$25:$C$33=$BF21)*($F$25:$F$33=BM$12)*($D$25:$D$33>$E$25:$E$33))+SUMPRODUCT(($F$25:$F$33=$BF21)*($C$25:$C$33=BM$12)*($E$25:$E$33>$D$25:$D$33))+SUMPRODUCT(($I$25:$I$33=$BF21)*($L$25:$L$33=BM$12)*($J$25:$J$33>$K$25:$K$33))+SUMPRODUCT(($L$25:$L$33=$BF21)*($I$25:$I$33=BM$12)*($K$25:$K$33>$J$25:$J$33))+SUMPRODUCT(($O$25:$O$33=$BF21)*($R$25:$R$33=BM$12)*($P$25:$P$33>$Q$25:$Q$33))+SUMPRODUCT(($R$25:$R$33=$BF21)*($O$25:$O$33=BM$12)*($Q$25:$Q$33>$P$25:$P$33))+SUMPRODUCT(($C$37:$C$45=$BF21)*($F$37:$F$45=BM$12)*($D$37:$D$45>$E$37:$E$45))+SUMPRODUCT(($F$37:$F$45=$BF21)*($C$37:$C$45=BM$12)*($E$37:$E$45>$D$37:$D$45))+SUMPRODUCT(($I$37:$I$45=$BF21)*($L$37:$L$45=BM$12)*($J$37:$J$45>$K$37:$K$45))+SUMPRODUCT(($L$37:$L$45=$BF21)*($I$37:$I$45=BM$12)*($K$37:$K$45>$J$37:$J$45))+SUMPRODUCT(($O$37:$O$45=$BF21)*($R$37:$R$45=BM$12)*($P$37:$P$45>$Q$37:$Q$45))+SUMPRODUCT(($R$37:$R$45=$BF21)*($O$37:$O$45=BM$12)*($Q$37:$Q$45>$P$37:$P$45)) -> 1 | BN21: =SUMPRODUCT(($C$14:$C$22=$BF21)*($F$14:$F$22=BN$12)*($D$14:$D$22>$E$14:$E$22))+SUMPRODUCT(($F$14:$F$22=$BF21)*($C$14:$C$22=BN$12)*($E$14:$E$22>$D$14:$D$22))+SUMPRODUCT(($I$14:$I$22=$BF21)*($L$14:$L$22=BN$12)*($J$14:$J$22>$K$14:$K$22))+SUMPRODUCT(($L$14:$L$22=$BF21)*($I$14:$I$22=BN$12)*($K$14:$K$22>$J$14:$J$22))+SUMPRODUCT(($O$14:$O$22=$BF21)*($R$14:$R$22=BN$12)*($P$14:$P$22>$Q$14:$Q$22))+SUMPRODUCT(($R$14:$R$22=$BF21)*($O$14:$O$22=BN$12)*($Q$14:$Q$22>$P$14:$P$22))+SUMPRODUCT(($C$25:$C$33=$BF21)*($F$25:$F$33=BN$12)*($D$25:$D$33>$E$25:$E$33))+SUMPRODUCT(($F$25:$F$33=$BF21)*($C$25:$C$33=BN$12)*($E$25:$E$33>$D$25:$D$33))+SUMPRODUCT(($I$25:$I$33=$BF21)*($L$25:$L$33=BN$12)*($J$25:$J$33>$K$25:$K$33))+SUMPRODUCT(($L$25:$L$33=$BF21)*($I$25:$I$33=BN$12)*($K$25:$K$33>$J$25:$J$33))+SUMPRODUCT(($O$25:$O$33=$BF21)*($R$25:$R$33=BN$12)*($P$25:$P$33>$Q$25:$Q$33))+SUMPRODUCT(($R$25:$R$33=$BF21)*($O$25:$O$33=BN$12)*($Q$25:$Q$33>$P$25:$P$33))+SUMPRODUCT(($C$37:$C$45=$BF21)*($F$37:$F$45=BN$12)*($D$37:$D$45>$E$37:$E$45))+SUMPRODUCT(($F$37:$F$45=$BF21)*($C$37:$C$45=BN$12)*($E$37:$E$45>$D$37:$D$45))+SUMPRODUCT(($I$37:$I$45=$BF21)*($L$37:$L$45=BN$12)*($J$37:$J$45>$K$37:$K$45))+SUMPRODUCT(($L$37:$L$45=$BF21)*($I$37:$I$45=BN$12)*($K$37:$K$45>$J$37:$J$45))+SUMPRODUCT(($O$37:$O$45=$BF21)*($R$37:$R$45=BN$12)*($P$37:$P$45>$Q$37:$Q$45))+SUMPRODUCT(($R$37:$R$45=$BF21)*($O$37:$O$45=BN$12)*($Q$37:$Q$45>$P$37:$P$45)) -> 2 | BO21: =SUMPRODUCT(($C$14:$C$22=$BF21)*($F$14:$F$22=BO$12)*($D$14:$D$22>$E$14:$E$22))+SUMPRODUCT(($F$14:$F$22=$BF21)*($C$14:$C$22=BO$12)*($E$14:$E$22>$D$14:$D$22))+SUMPRODUCT(($I$14:$I$22=$BF21)*($L$14:$L$22=BO$12)*($J$14:$J$22>$K$14:$K$22))+SUMPRODUCT(($L$14:$L$22=$BF21)*($I$14:$I$22=BO$12)*($K$14:$K$22>$J$14:$J$22))+SUMPRODUCT(($O$14:$O$22=$BF21)*($R$14:$R$22=BO$12)*($P$14:$P$22>$Q$14:$Q$22))+SUMPRODUCT(($R$14:$R$22=$BF21)*($O$14:$O$22=BO$12)*($Q$14:$Q$22>$P$14:$P$22))+SUMPRODUCT(($C$25:$C$33=$BF21)*($F$25:$F$33=BO$12)*($D$25:$D$33>$E$25:$E$33))+SUMPRODUCT(($F$25:$F$33=$BF21)*($C$25:$C$33=BO$12)*($E$25:$E$33>$D$25:$D$33))+SUMPRODUCT(($I$25:$I$33=$BF21)*($L$25:$L$33=BO$12)*($J$25:$J$33>$K$25:$K$33))+SUMPRODUCT(($L$25:$L$33=$BF21)*($I$25:$I$33=BO$12)*($K$25:$K$33>$J$25:$J$33))+SUMPRODUCT(($O$25:$O$33=$BF21)*($R$25:$R$33=BO$12)*($P$25:$P$33>$Q$25:$Q$33))+SUMPRODUCT(($R$25:$R$33=$BF21)*($O$25:$O$33=BO$12)*($Q$25:$Q$33>$P$25:$P$33))+SUMPRODUCT(($C$37:$C$45=$BF21)*($F$37:$F$45=BO$12)*($D$37:$D$45>$E$37:$E$45))+SUMPRODUCT(($F$37:$F$45=$BF21)*($C$37:$C$45=BO$12)*($E$37:$E$45>$D$37:$D$45))+SUMPRODUCT(($I$37:$I$45=$BF21)*($L$37:$L$45=BO$12)*($J$37:$J$45>$K$37:$K$45))+SUMPRODUCT(($L$37:$L$45=$BF21)*($I$37:$I$45=BO$12)*($K$37:$K$45>$J$37:$J$45))+SUMPRODUCT(($O$37:$O$45=$BF21)*($R$37:$R$45=BO$12)*($P$37:$P$45>$Q$37:$Q$45))+SUMPRODUCT(($R$37:$R$45=$BF21)*($O$37:$O$45=BO$12)*($Q$37:$Q$45>$P$37:$P$45)) -> 0
C22: AE | D22: 0 | E22: 2 | F22: ONIC | I22: GEEK | J22: 0 | K22: 2 | L22: EVOS | O22: TLID | P22: 2 | Q22: 1 | R22: AE
B24: Week 4 | H24: Week 5 | N24: Week 6
B25: Day 1 | C25: NAVI | D25: 2 | E25: 0 | F25: DEWA | H25: Day 1 | I25: GEEK | J25: 2 | K25: 1 | L25: ONIC | N25: Day 1 | O25: ONIC | P25: 0 | Q25: 2 | R25: GEEK
C26: TLID | D26: 2 | E26: 0 | F26: RRQ | I26: EVOS | J26: 2 | K26: 1 | L26: DEWA | O26: DEWA | P26: 0 | Q26: 2 | R26: EVOS
B28: Day 2 | C28: DEWA | D28: 2 | E28: 1 | F28: ONIC | H28: Day 2 | I28: TLID | J28: 2 | K28: 0 | L28: BTR by VIT | N28: Day 2 | O28: GEEK | P28: 0 | Q28: 2 | R28: NAVI
C29: EVOS | D29: 2 | E29: 1 | F29: BTR by VIT | I29: AE | J29: 2 | K29: 0 | L29: RRQ | O29: RRQ | P29: 1 | Q29: 2 | R29: AE
C30: AE | D30: 2 | E30: 0 | F30: GEEK | I30: NAVI | J30: 2 | K30: 0 | L30: EVOS | O30: BTR by VIT | P30: 0 | Q30: 2 | R30: TLID
B31: Day 3 | C31: RRQ | D31: 0 | E31: 2 | F31: NAVI | H31: Day 3 | I31: GEEK | J31: 0 | K31: 2 | L31: TLID | N31: Day 3 | O31: AE | P31: 0 | Q31: 2 | R31: DEWA
C32: ONIC | D32: 2 | E32: 0 | F32: EVOS | I32: ONIC | J32: 0 | K32: 2 | L32: AE | O32: BTR by VIT | P32: 0 | Q32: 2 | R32: ONIC
C33: BTR by VIT | D33: 0 | E33: 2 | F33: AE | I33: RRQ | J33: 1 | K33: 2 | L33: DEWA | O33: EVOS | P33: 2 | Q33: 1 | R33: TLID
B35: Week 7 | H35: Week 8 | N35: Week 9
B36: Day 1 | C36: GEEK | D36: 1 | E36: 2 | F36: BTR by VIT | H36: Day 1 | I36: AE | J36: 2 | K36: 0 | L36: BTR by VIT | N36: Day 1 | O36: NAVI | R36: RRQ
C37: DEWA | D37: 2 | E37: 1 | F37: TLID | I37: NAVI | J37: 2 | K37: 0 | L37: TLID | O37: GEEK | R37: AE
B39: Day 2 | C39: AE | D39: 1 | E39: 2 | F39: NAVI | H39: Day 2 | I39: EVOS | J39: 2 | K39: 1 | L39: ONIC | N39: Day 2 | O39: ONIC | R39: DEWA
C40: BTR by VIT | D40: 2 | E40: 1 | F40: RRQ | I40: RRQ | J40: 0 | K40: 2 | L40: TLID | O40: BTR by VIT | R40: EVOS
C41: GEEK | D41: 2 | E41: 1 | F41: DEWA | I41: DEWA | J41: 0 | K41: 2 | L41: NAVI | O41: RRQ | R41: GEEK
B42: Day 3 | C42: AE | D42: 0 | E42: 2 | F42: TLID | H42: Day 3 | I42: EVOS | L42: GEEK | N42: Day 3 | O42: EVOS | R42: AE
C43: RRQ | D43: 2 | E43: 1 | F43: EVOS | I43: RRQ | L43: ONIC | O43: NAVI | R43: BTR by VIT
C44: ONIC | D44: 2 | E44: 1 | F44: NAVI | I44: DEWA | L44: BTR by VIT | O44: ONIC | R44: TLID
B46: TIEBREAK | H46: PLAYOFF
B47: Match 1
B48: Match 2 | H48: PLAY-IN I | J48: UPPER SEMI-FINAL
B49: Match 3 | H49: =B5 -> AE | J49: =B4 -> TLID | M49: UPPER FINAL
B50: Match 4 | H50: =B8 -> ONIC | J50: =IF(OR(I49="", I50=""), "Play In I Winner", IF(I49>I50, H49, H50)) -> Play In I Winner | M50: =IF(OR(L49="", L50=""), "Upper I Winner", IF(L49>L50, J49, J50)) -> Upper I Winner | P50: GRAND FINAL
B51: Match 5 | H51: =B6 -> EVOS | J51: =B3 -> NAVI | M51: =IF(OR(L51="", L52=""), "Upper II Winner", IF(L51>L52, J51, J52)) -> Upper II Winner | P51: =IF(OR(O50="", O51=""), "Upper Final Winner", IF(O50>O51, M50, M51)) -> Upper Final Winner
